"","gamma_prim","gamma_temp","gamma_home","delta_temp","delta_home","delta_temp_agk_18_29_woman","delta_home_agk_18_29_woman","delta_temp_agk_18_29","delta_home_agk_18_29","delta_temp_agk_30_44_woman_kids","delta_home_agk_30_44_woman_kids","delta_temp_agk_30_44_woman_nokids","delta_home_agk_30_44_woman_nokids","delta_temp_agk_30_44_kids","delta_home_agk_30_44_kids","delta_temp_agk_45_64_woman","delta_home_agk_45_64_woman","delta_temp_agk_45_64","delta_home_agk_45_64","delta_temp_agk_65plus_woman","delta_home_agk_65plus_woman","delta_temp_agk_65plus","delta_home_agk_65plus","delta_temp_income_50minus","delta_home_income_50minus","delta_temp_income_100_149","delta_home_income_100_149","delta_temp_income_150plus","delta_home_income_150plus","delta_temp_education_highschool","delta_home_education_highschool","delta_temp_education_graduate","delta_home_education_graduate","delta_temp_impneighbor_20_39","delta_home_impneighbor_20_39","delta_temp_impneighbor_40_59","delta_home_impneighbor_40_59","delta_temp_impneighbor_60plus","delta_home_impneighbor_60plus","delta_temp_impneighbor_20minus_suburban","delta_home_impneighbor_20minus_suburban","delta_temp_impneighbor_20_39_suburban","delta_home_impneighbor_20_39_suburban","delta_temp_impneighbor_40_59_suburban","delta_home_impneighbor_40_59_suburban","delta_temp_impneighbor_60plus_suburban","delta_home_impneighbor_60plus_suburban","delta_temp_impneighbor_20minus_town","delta_home_impneighbor_20minus_town","delta_temp_impneighbor_20_39_town","delta_home_impneighbor_20_39_town","delta_temp_impneighbor_40_59_town","delta_home_impneighbor_40_59_town","delta_temp_impneighbor_60plus_town","delta_home_impneighbor_60plus_town","delta_temp_jobtype12_professional","delta_home_jobtype12_professional","delta_temp_jobtype12_administrative","delta_home_jobtype12_administrative","delta_temp_homeownership_nonown","delta_home_homeownership_nonown","delta_temp_factor_score_1","delta_home_factor_score_1","delta_temp_factor_score_2","delta_home_factor_score_2","delta_temp_factor_score_3","delta_home_factor_score_3"
"gamma_prim",-0.123162423375827,-0.00879836420104367,0.0684763660554618,0.923827374144117,2.48537932306697,0.0658130067817694,0.210172175707845,0.102237947507284,0.270716478578071,0.137451808773616,0.28732904127697,0.0808897974561515,0.260061266555222,0.248347140894978,0.504340326769075,0.14494609159867,0.446489933630337,0.382049503090767,1.00096120929021,-2.24234763161633e-18,0.132355889208446,0.0185743035370653,0.204786901702665,0.0758913047766992,0.169878802274929,0.234919065902467,0.605272939147938,0.272907254486077,0.981733601624672,0.223414636773088,0.415696645895959,0.331738498014357,0.977150517093242,0.465210954882588,1.08715284712497,0.170388724030392,0.445157992940131,0.0681968320638043,0.32357264909643,0.100427933252581,0.334322277557338,0.147026603168808,0.477380025564828,0.0862508135068339,0.203131434204233,0.0299365350605189,0.172930285446362,0.0499440383304163,0.0529134706660543,0.0486121534018268,0.104547366916776,0.00893896335660574,0.0526347031137999,0.00264905072495555,0.0187943265031827,0.524294519589541,1.55485350075337,0.256130381669973,0.736525286550609,0.343814098552583,0.839983669971919,0.559642276698712,0.690363847098542,-0.348467404626023,-0.513195426826455,0.139587324556462,-0.027194921193448
"gamma_temp",-0.00879836420104367,-0.327174991731757,0.0113978873337341,-1.26842383544126,0.626021429878178,-0.0556883369530416,0.0198494273223855,-0.117619619130016,0.0450484582952923,-0.186689716539647,0.102179366421032,-0.0836578300275253,0.0447495923562702,-0.334385429550059,0.15622388326231,-0.177372367860257,0.110560106847131,-0.5768697084933,0.314519301709724,-7.84947090520741e-18,2.2620997413811e-10,-0.0157783645614638,0.00655156863960484,-0.0822004794167853,0.0397519688103213,-0.352942364379432,0.176557253329831,-0.262473625942055,0.142381465683166,-0.435127278622926,0.212260163206243,-0.41974844586984,0.2071455722664,-0.47679823551901,0.194093648683352,-0.162456705966382,0.0782053530597814,-0.275102162740263,0.188403828497526,-0.151670619491739,0.0745520563224083,-0.116625339646417,0.0501990185851052,-0.106966522506305,0.0497219579150377,-0.0920175732210645,0.0609147887265218,-0.148268003016593,0.0636391876469711,-0.030612990770532,0.0109285947511819,-0.000654601610677478,0.000219686716088059,-0.0431213087290968,0.0369806229498454,-0.684767255365335,0.365033202092866,-0.311686636484963,0.155190063597573,-0.511710845193518,0.247676114027949,-0.282863669368525,0.00637320228907776,-0.153226959213867,0.215195294368885,-0.144331817620127,-0.00798062745618192
"gamma_home",0.0684763660554618,0.0113978873337341,-2.47961476231361,5.23545645299951,-18.5013761605037,0.218658378922875,-1.04560455527694,0.337207996620777,-1.352694974404,0.669130369260113,-2.13096288033506,0.53684662689952,-2.2151387265544,1.06462386590318,-3.4454420501914,1.15677367969013,-3.82416189390279,2.61014480219305,-8.35305099663137,5.10733797971394e-17,-0.670656652787385,0.151525707581337,-1.21600557683831,0.324862598257666,-1.05175209143763,1.67749586671785,-5.3798659835275,1.81589316660295,-7.42441941977784,1.04411904224241,-3.04067835911367,1.89715003190955,-6.9351495878241,1.22059574721587,-5.13141222390513,0.69821396715181,-2.83505174815549,2.17520596305548,-6.17110796499162,0.668810838838222,-2.69432494191396,0.465184864922612,-2.34753264246255,0.359154638360787,-1.3236788841003,1.00336777811333,-3.04299794257216,0.2388763629467,-0.566540113920195,0.111420307878357,-0.429179777184015,0.0214076513031578,-0.180023956865299,0.348121724779062,-0.805443182591979,3.58418987591242,-12.4362362790937,1.28469280388925,-4.99315904130995,1.95236205640967,-6.31185792759008,-1.73696190332237,4.63362229711736,2.52784401900593,-6.10585372892341,-1.12782579040127,3.42830915843967
"delta_temp",0.923827374144117,-1.26842383544126,5.23545645299951,-148.766032319324,76.9794720652227,-8.56846566240257,3.86690392400922,-13.2281623079543,6.13710310414654,-20.5699696090548,10.3428325574565,-13.9840057987994,7.30935015848308,-34.9780564247516,16.9621057798258,-27.5710482840303,15.7091676945779,-66.7521664373886,36.5289989174541,2.09031425437954e-16,-1.61744876035967e-09,-4.15177538451002,2.16764372605026,-12.0342111571178,5.99376775955355,-42.5144123675514,23.7023094682479,-45.7386703713089,24.2828934256878,-36.2140403066634,18.0758289476028,-53.2260582769136,27.2971210475351,-52.1053348204143,22.0449045934714,-22.0346126391197,10.2948803626816,-37.8854284762166,25.6126648009374,-18.5761794245373,10.0974248175614,-17.2976232381956,7.56432574521795,-12.0170604688668,5.50716564385116,-17.6871950071765,11.8328182890988,-7.91821758251865,4.01235816166311,-4.93477930683396,1.97161012621599,-0.926963444033202,0.391360781742073,-4.95269252022304,3.76952027164417,-91.3283062692342,49.4987750595007,-39.6883676765816,19.8122209940591,-56.2640821997825,29.0576381407169,-16.662725876637,-5.99076523748841,-12.2018579233594,20.8465507943193,2.16621047608044,-7.16570033194948
"delta_home",2.48537932306697,0.626021429878178,-18.5013761605037,76.9794720652227,-273.273043667576,3.86690391433383,-17.3985792053907,6.13710336313132,-23.4218507073792,10.3428321382453,-33.851996619755,7.30935021134944,-29.4068842893024,16.9621080751971,-56.2441032269704,15.7091676096213,-53.3491221522218,36.5289989745705,-118.553787425291,1.46668888818593e-17,-9.35274082521578,2.16764394495789,-17.592833930314,5.99376804688562,-20.0519253096016,23.7023096139987,-75.6884447863703,24.2828934362701,-101.901803745031,18.0758289581405,-53.4349363726194,27.2971210049199,-101.040752914014,22.0449046360547,-89.9925801674051,10.2948807990158,-41.8119715212884,25.6126647558175,-72.2801115968051,10.0974248034059,-38.4962549737597,7.56432573528221,-37.5578970928368,5.50716565833925,-19.7423087919998,11.8328183283147,-36.2432845108068,4.01235819214708,-9.13290306342738,1.97161013176568,-8.09449773244851,0.391360813977729,-3.46867429188302,3.76952020224734,-8.58408570094187,49.4987750411574,-175.187962327226,19.8122209794201,-76.5073943018478,29.0576381608833,-95.5048313296057,-5.99076539370674,3.33578272714856,20.8465508286139,-30.6788354592424,-7.16570046059406,23.2249195073019
"delta_temp_agk_18_29_woman",0.0658130067817694,-0.0556883369530416,0.218658378922875,-8.56846566240257,3.86690391433383,-8.56846566212254,3.86690392381226,-8.56846566097288,3.8669039214937,-2.10548273957835e-13,2.16354747967786e-08,1.19562809490251e-11,-1.69090385993936e-08,3.58214072108733e-07,-4.53908703246236e-10,-1.53068789870709e-08,2.11593868243533e-11,9.89280477003338e-10,1.86439454460873e-08,-2.71891122516069e-18,-1.94511453289844e-15,-2.56620037256456e-09,9.68563942350487e-12,-3.60463426893522,1.38012790629612,-1.02934107632074,0.460632664617792,-0.229392866982399,0.107412797470362,-3.6871972359625,1.51584003870181,-1.14018889680447,0.387675181273306,-4.77338207033223,2.10045824445599,-1.39470035253118,0.504591416617014,-0.798161235453346,0.633575552421222,-0.729909161642158,0.284122157150892,-1.43880594749502,0.636753347373391,-0.294972094282071,0.067429033634994,-0.495862272444874,0.379244794462863,-0.30653712228569,0.109060282852808,-0.255940631396509,0.0629964696039352,4.01490264939957e-09,-6.94177789292128e-09,-0.175617379400079,0.159607501867841,-3.90562138511503,1.78667228963638,-3.0977120959871,1.48256221599193,-5.88599075674681,2.75603580696405,-4.55875871894353,1.64633605920224,0.932336828732893,-0.0890126264253689,-2.25512158876011,1.06893859794052
"delta_home_agk_18_29_woman",0.210172175707845,0.0198494273223855,-1.04560455527694,3.86690392400922,-17.3985792053907,3.86690392381226,-17.3985791532751,3.86690392450335,-17.3985791677627,-5.5844018794381e-08,9.59148383267353e-14,-1.0416501692257e-08,-1.7269117446481e-08,3.29555380263281e-08,8.56824899101662e-16,-1.57568685609216e-08,1.51874159812082e-09,1.09247929692906e-09,-2.91440818649379e-11,1.76031606108631e-17,3.84481966913332e-10,-3.56413267326357e-08,-8.46435205298029e-09,1.38012790656477,-6.12211571578935,0.460632658659173,-3.07231702882097,0.10741279165643,-0.701199627863977,1.51584004218568,-6.12905118849131,0.387674988130932,-2.76222298107137,2.10045823979457,-8.42247958791447,0.504591283242697,-2.5523732428864,0.633575549483111,-2.24092471750738,0.284122149289681,-1.78181140980933,0.636753369654807,-3.18949641489275,0.0674290630047578,-0.390550912551378,0.379244824970383,-1.1945986682334,0.109060276408962,-0.401737943665034,0.0629964704097205,-0.519737892394282,3.69386509713062e-10,-7.15662482456522e-09,0.159607496873566,-0.378095608200481,1.78667230160791,-8.81143983748497,1.48256221524683,-6.63499619422651,2.75603581171727,-11.9556263025522,1.64633591949838,-8.42329529989644,-0.0890126315153076,3.88299133850333,1.06893849171604,-4.63084630304191
"delta_temp_agk_18_29",0.102237947507284,-0.117619619130016,0.337207996620777,-13.2281623079543,6.13710336313132,-8.56846566097288,3.86690392450335,-13.2281624087032,6.13710310172601,-8.58075218256845e-13,8.23196296078553e-08,3.54338376617702e-08,6.26295637836319e-09,1.48474451342354e-06,-1.88138341296777e-09,8.1428250016171e-11,6.84202058527356e-08,-1.86586590710463e-13,8.42996560844802e-08,6.32153288187082e-19,-7.33720607112471e-14,1.20916919436817e-07,-2.81686815065569e-16,-4.38458359761093,1.5660304541937,-2.65832281033778,1.47275882021245,-0.741484794279174,0.452492662532656,-6.19451712248935,2.54073530219419,-1.6332615554846,0.46271440536976,-5.75339735814238,2.35575602118525,-2.00159080242417,0.647826912516266,-2.74460048638379,2.06658525804971,-1.26442911263071,0.580591820821268,-1.87580271243104,0.729989700029228,-0.2949720899296,0.0674290623425421,-0.941479340862018,0.692195059105131,-0.306537102909935,0.109060287102805,-0.255940598777325,0.0629964594769234,1.66411793485742e-08,-1.2498034417367e-16,-0.175617360535248,0.159607508210183,-6.8615383022406,3.35746361557541,-3.70177421407605,1.70219908553564,-8.11816854006329,3.60986585456023,-6.31839929817988,2.3362058986434,2.39019815960839,-0.31385983188581,-4.99002534827609,2.10102429202283
"delta_home_agk_18_29",0.270716478578071,0.0450484582952923,-1.352694974404,6.13710310414654,-23.4218507073792,3.8669039214937,-17.3985791677627,6.13710310172601,-23.421850731617,-5.65108301496301e-08,2.8933964434337e-11,1.24393321850572e-11,-1.91656272259396e-08,3.05754693507984e-08,-5.74992027934444e-09,-1.59264385971157e-08,1.71755484415772e-08,1.23707716491166e-08,-2.70496047160543e-11,-9.01192024759883e-18,-5.55927757501548e-12,1.19920149219795e-13,-7.85272401197818e-09,1.56603042501714,-6.69209185703092,1.47275884596241,-5.10290062686386,0.452492640580068,-1.65528423813854,2.54073502977348,-9.04464613963591,0.462714329683434,-3.43825675068283,2.35575598446981,-9.34656134662059,0.647826870816031,-2.96742166717257,2.06658525084665,-5.18846327321441,0.580591750606411,-2.76777548924861,0.729989692222301,-3.62377979264819,0.0674290718430859,-0.390550861191622,0.692194925345527,-2.10872537073197,0.109060278361638,-0.401737934240151,0.0629964733371118,-0.519737891047183,4.17207093451183e-09,-7.22272500513401e-09,0.159607498937969,-0.37809560584197,3.35746359384066,-12.9881257324651,1.70219897892861,-7.45384311159384,3.60986584118,-14.2557846206584,2.33620587910956,-10.3878520797533,-0.313859834154626,5.70135528530332,2.10102356188819,-8.58262395084463
"delta_temp_agk_30_44_woman_kids",0.137451808773616,-0.186689716539647,0.669130369260113,-20.5699696090548,10.3428321382453,-2.10548273957835e-13,-5.5844018794381e-08,-8.58075218256845e-13,-5.65108301496301e-08,-20.569969339574,10.3428325150475,8.33042879895107e-09,-1.84900941531035e-07,-20.569968272923,10.3428325301233,-1.53633408698167e-07,1.80255212436928e-07,-1.19027967566022e-07,-5.69326381763641e-10,6.56661804913178e-19,-4.56943779084925e-08,-1.32436850328114e-12,-8.25203727224775e-08,-1.13673813781475,0.672851336097097,-4.83660790212098,2.3647415361488,-7.53883493872737,3.84643757398573,-3.92755080852087,2.30695617547025,-7.55090364566136,3.99578194778936,-7.91963067936547,3.12891787778207,-2.00166678104817,0.721824961942192,-5.39518600043716,3.57331876547886,-2.24586256660771,1.29376000027682,-2.41677755434005,0.755383533746454,-1.13344090601399,0.450526143298228,-2.24292271081529,1.45464121872552,-0.474222415639513,0.231155021504955,-0.543464071895548,0.290273559785583,-0.125531546219139,0.0431982236760425,-1.30611098253404,1.01050707391952,-11.618683626175,6.18663220005589,-3.72541050093643,1.56689011132765,-5.67930623067622,2.98604361221961,-2.07130839166483,-1.39250760532493,-6.60209551633371,5.62931617345593,-1.52909137436584,-0.718176674353875
"delta_home_agk_30_44_woman_kids",0.28732904127697,0.102179366421032,-2.13096288033506,10.3428325574565,-33.851996619755,2.16354747967786e-08,9.59148383267353e-14,8.23196296078553e-08,2.8933964434337e-11,10.3428325150475,-33.8519967683588,3.71825128062606e-08,1.02828710008315e-10,10.3428339368598,-33.8519966835227,-5.47595806612147e-09,2.73971899410821e-13,-1.10142859644016e-15,7.40501810756408e-08,-1.19877329607047e-17,6.0955199037953e-14,1.15707494003128e-07,-2.65767750033603e-09,0.672851624385927,-1.68961439454068,2.36474164577428,-7.79477644199534,3.84643765897852,-15.6499161675884,2.30695666311182,-5.03409067590438,3.99578182934108,-13.8373966085945,3.12891790623705,-12.4262711934214,0.721825759641153,-3.18973191129955,3.57331877782242,-7.94805110580969,1.29376014051782,-4.7703062762862,0.755383567559208,-3.87568970018443,0.450526639215198,-1.39251551551005,1.45464119035339,-3.60885382717625,0.231155058792652,-0.409582122697999,0.290273568674672,-1.40781008477834,0.0431983035837333,-0.435893197402115,1.01050706454456,-1.63773621115144,6.18663226954074,-20.9731879209236,1.56689006544055,-6.46295358593906,2.9860436776752,-8.36787063731345,-1.39250768760823,2.6553988064172,5.629316142315,-13.0017794760226,-0.718177577235471,0.123641367186216
"delta_temp_agk_30_44_woman_nokids",0.0808897974561515,-0.0836578300275253,0.53684662689952,-13.9840057987994,7.30935021134944,1.19562809490251e-11,-1.0416501692257e-08,3.54338376617702e-08,1.24393321850572e-11,8.33042879895107e-09,3.71825128062606e-08,-13.9840058032259,7.30935014443866,6.71495884987012e-07,-8.49791454116631e-10,-2.86570149119778e-08,3.09440857010438e-08,2.84954143935375e-11,3.80768602003984e-08,6.16541777593038e-18,-2.9144921613403e-15,-4.8043425100057e-09,1.81344390350005e-11,-1.38289075509914,0.793696506422079,-4.29558367804582,2.34399132789959,-3.32401103404442,1.92364701763262,-0.7759844494057,0.377308826796152,-6.31713452286034,3.34167872197685,-4.89506317945577,2.01128781134454,-2.07943586938661,1.15111872721351,-4.88013483809456,3.31976592094061,-1.27298345566252,0.639849898902021,-1.23964438213024,0.427556870323714,-1.39188566580702,0.810173238638507,-1.97837467651951,1.44450006434388,6.09794880225594e-12,-1.79045147503829e-09,-0.265380543909515,0.175538212053788,7.51656533522335e-09,-1.29794528511949e-08,-0.523905197388479,0.35239114536388,-8.83207448407292,4.5554674251791,-4.14238905710304,2.35227017562586,-8.76915893852932,4.46766526270996,-1.02378658554974,-1.28906219235153,-1.92047058766827,2.89420222913085,2.55727605591337,-1.74686231307407
"delta_home_agk_30_44_woman_nokids",0.260061266555222,0.0447495923562702,-2.2151387265544,7.30935015848308,-29.4068842893024,-1.69090385993936e-08,-1.7269117446481e-08,6.26295637836319e-09,-1.91656272259396e-08,-1.84900941531035e-07,1.02828710008315e-10,7.30935014443866,-29.4068843667384,1.10666345814615e-07,-2.04923366298385e-08,-5.21714869620121e-08,1.00423736256599e-08,3.61182059239974e-09,-9.66671608929015e-11,2.05973050300679e-18,1.25132276231077e-09,-1.17844735923565e-07,3.59174495463889e-11,0.793696624572504,-2.66056649681988,2.34399134775044,-8.27976383468809,1.9236470385254,-9.75448958742767,0.377308822014231,-1.18933814910514,3.34167861251879,-13.9799236341909,2.01128778309648,-8.82145455651943,1.15111926196244,-5.06852526605414,3.31976590551764,-11.3075884311464,0.639849897071625,-2.77426889371829,0.427556839355116,-2.42377999534235,0.810173275206855,-3.1185512437969,1.44450007455692,-5.16196138200839,-3.86889625022854e-15,5.61245295074221e-11,0.175538222342957,-0.721483921668145,1.22127823675207e-09,-2.3629634979184e-08,0.352391097990217,-0.864376333669278,4.55546741588853,-18.4113602697212,2.35227014159332,-9.46112336287058,4.46766523921633,-17.3313060422892,-1.28906292785332,2.16302372953308,2.89420221153925,-6.93803129021214,-1.7468625887751,5.66732620061834
"delta_temp_agk_30_44_kids",0.248347140894978,-0.334385429550059,1.06462386590318,-34.9780564247516,16.9621080751971,3.58214072108733e-07,3.29555380263281e-08,1.48474451342354e-06,3.05754693507984e-08,-20.569968272923,10.3428339368598,6.71495884987012e-07,1.10666345814615e-07,-34.9780831164566,16.9621059081278,1.41669715841191e-09,1.28803768432397e-06,7.13397245193581e-08,1.34446534999903e-06,-2.02080965483286e-19,-3.87558192176869e-10,2.10373781374252e-06,-4.40025907620154e-08,-1.30995539508691,0.803445743215984,-10.3167441969302,5.05351873781062,-11.9776178656274,5.81422662568519,-7.10444879574658,3.71502140347888,-12.4382386968803,6.22592648869823,-14.6167209241996,5.42575298060254,-3.36594538409298,1.46133261315141,-8.92002791397735,5.77262235624245,-3.60101101298998,1.89331408190113,-4.87591696023894,1.65530195865785,-1.94307266725838,0.86035540920637,-4.03623200587683,2.62145179164077,-0.953133088711449,0.373515943197944,-1.22489599491095,0.466009237321156,-0.125531170543718,0.0431979887314334,-1.30611110158176,1.01050709505116,-21.1872380239941,10.9196757269393,-7.24087465890939,3.05526598387468,-9.25789266606152,4.89447767240396,-8.15065684745447,0.163633008397947,-9.50237709159255,7.6513411298615,-1.11303405625589,-1.50651243363775
"delta_home_agk_30_44_kids",0.504340326769075,0.15622388326231,-3.4454420501914,16.9621057798258,-56.2441032269704,-4.53908703246236e-10,8.56824899101662e-16,-1.88138341296777e-09,-5.74992027934444e-09,10.3428325301233,-33.8519966835227,-8.49791454116631e-10,-2.04923366298385e-08,16.9621059081278,-56.244103239044,-1.84732211571398e-08,-5.76690952225974e-15,1.08095392569568e-15,-1.88750653187232e-09,-7.53390840628139e-18,-5.04319141562228e-09,-5.80772975921329e-09,-8.41788201936187e-09,0.80344549374597,-1.93224288139683,5.0535185729721,-16.1738683865582,5.81422648570069,-23.9346358829017,3.71501778722677,-9.72816039436135,6.22592579868698,-21.7495681364815,5.42575237513258,-21.7571411488768,1.46133296662245,-5.86193246804018,5.77262235304242,-14.147992011651,1.89331309682842,-6.54077896010697,1.65530111679134,-8.48700675418149,0.860355722173781,-2.82775699019774,2.62145051771738,-7.01939561921579,0.373515669840302,-0.703698071327457,0.466008701708012,-2.00632960907103,0.0431982838139453,-0.435893190769293,1.01050705286556,-1.63773625909364,10.9196754342017,-37.5104976362695,3.05526407564926,-11.3200732993651,4.89447732993515,-13.995500424494,0.163632139539873,-4.13821619729998,7.65134086753294,-17.7535840630283,-1.50652270453883,3.13213541499876
"delta_temp_agk_45_64_woman",0.14494609159867,-0.177372367860257,1.15677367969013,-27.5710482840303,15.7091676096213,-1.53068789870709e-08,-1.57568685609216e-08,8.1428250016171e-11,-1.59264385971157e-08,-1.53633408698167e-07,-5.47595806612147e-09,-2.86570149119778e-08,-5.21714869620121e-08,1.41669715841191e-09,-1.84732211571398e-08,-27.5710482296005,15.7091676680418,-27.5710482860794,15.7091676749437,1.21390604953811e-17,-1.28945647845805e-08,-7.91779358826132e-09,-1.88278640463572e-09,-1.40362056241353,0.790782523054162,-9.99895318532756,5.91407843987375,-8.31948207612084,4.53703906261419,-7.73508007855529,4.13602209203146,-8.35370623922315,4.53357980632831,-10.4897810130195,4.9101807548596,-3.56468550775965,1.85615023582154,-6.41667702807425,4.77934891314669,-4.05201152371587,2.35756793053326,-3.22200238998655,1.44104324990772,-1.6372990610881,0.867321039373324,-2.41031841921596,1.79780598736738,-1.81659071987435,1.13157525052737,-1.85633060126651,0.729519703546477,-0.466677448558223,0.189948442171604,-1.1907411417472,0.963322675734035,-15.4987970358566,9.10505871458566,-10.4619743602332,5.82256064843381,-9.55386840760318,5.86956970430484,4.49144971428242,-5.4321375036509,-4.35882149709762,6.11221537921773,1.55424571710001,-2.64630848793777
"delta_home_agk_45_64_woman",0.446489933630337,0.110560106847131,-3.82416189390279,15.7091676945779,-53.3491221522218,2.11593868243533e-11,1.51874159812082e-09,6.84202058527356e-08,1.71755484415772e-08,1.80255212436928e-07,2.73971899410821e-13,3.09440857010438e-08,1.00423736256599e-08,1.28803768432397e-06,-5.76690952225974e-15,15.7091676680418,-53.3491223500519,15.7091677041925,-53.3491222275633,8.26565367184092e-18,1.50271926180395e-08,1.05607857170229e-07,3.21885656054548e-11,0.790782724002687,-2.44256651396525,5.91407847424737,-16.5145215163473,4.53703909448712,-20.8277732055635,4.1360222008525,-11.442092196073,4.5335799791645,-17.0859294405674,4.9101807616641,-19.2976920313506,1.85615152385932,-8.17709915647619,4.77934892593588,-12.0559250237771,2.35756794043799,-8.42830935285566,1.44104338295143,-7.25535876301944,0.867321181733525,-2.94289166775662,1.79780608041691,-4.79144678410042,1.13157528045302,-2.39352633399059,0.72951972533097,-2.96589683467909,0.189948484337396,-1.56406154408143,0.963322715101522,-2.16524730813695,9.10505876304627,-32.2238962712663,5.82256068714042,-19.1345371933718,5.86956978425827,-17.0688132364497,-5.43213721267644,12.9712370550571,6.1122154140344,-8.69277133680126,-2.64630858154615,8.14787852569587
"delta_temp_agk_45_64",0.382049503090767,-0.5768697084933,2.61014480219305,-66.7521664373886,36.5289989745705,9.89280477003338e-10,1.09247929692906e-09,-1.86586590710463e-13,1.23707716491166e-08,-1.19027967566022e-07,-1.10142859644016e-15,2.84954143935375e-11,3.61182059239974e-09,7.13397245193581e-08,1.08095392569568e-15,-27.5710482860794,15.7091677041925,-66.7521664482689,36.5289989398169,3.28569742098391e-18,1.08095521577462e-08,-2.49835735494397e-15,1.7875214446068e-16,-3.56905349511819,2.02106836126936,-19.802850961452,11.836027515264,-24.5113900395694,13.27419844592,-18.3962627628036,9.75138609072058,-24.078681443543,12.8951004312536,-20.3662257313444,9.4830976445104,-12.0062837228872,5.85528471270568,-16.6162571617753,11.4943817353308,-10.0056268073679,5.5942619767288,-7.59997676292834,3.79671436446731,-6.68908789362189,3.05323853282391,-8.14475920603633,5.44888073733423,-4.65759411532694,2.51989991468291,-2.41137382006796,0.946416456020448,-0.631951928051242,0.262620111359791,-2.42260418086379,1.92308259811727,-40.7804505233358,23.2323935555371,-20.0979378595271,10.7256544042035,-19.2346892430294,10.6772373832579,4.8627954493937,-9.07645873816029,-6.32820924834891,10.4365877147234,6.78996325388039,-6.25167026092968
"delta_home_agk_45_64",1.00096120929021,0.314519301709724,-8.35305099663137,36.5289989174541,-118.553787425291,1.86439454460873e-08,-2.91440818649379e-11,8.42996560844802e-08,-2.70496047160543e-11,-5.69326381763641e-10,7.40501810756408e-08,3.80768602003984e-08,-9.66671608929015e-11,1.34446534999903e-06,-1.88750653187232e-09,15.7091676749437,-53.3491222275633,36.5289989398169,-118.55378759886,-4.45596628269002e-18,-1.44751658584499e-09,1.08603393823678e-07,-2.53812121962573e-09,2.02106860455839,-5.68832147890367,11.8360275461329,-32.0158149933747,13.2741984744263,-51.8684184032115,9.75138601935087,-25.7354346775018,12.8951001879444,-42.9223848738573,9.48309765935386,-35.3593834499758,5.85528553210143,-21.7480295002323,11.494381736225,-29.291102760921,5.59426194885119,-19.8477531429382,3.79671440807477,-16.2977527439398,3.05323858041612,-9.52200316117236,5.44888083147759,-15.0752026780154,2.51989993909256,-5.62360183347228,0.946416493734062,-3.60129644570273,0.262620142680974,-2.29154888925392,1.92308260284,-4.53424892626664,23.2323936054617,-76.4936386595496,10.7256543709508,-35.2547826675643,10.6772374007288,-30.6015128174914,-9.07645886859511,20.698182974909,10.4365877074593,-16.577668638064,-6.25167036117157,20.8816467224098
"delta_temp_agk_65plus_woman",-2.24234763161633e-18,-7.84947090520741e-18,5.10733797971394e-17,2.09031425437954e-16,1.46668888818593e-17,-2.71891122516069e-18,1.76031606108631e-17,6.32153288187082e-19,-9.01192024759883e-18,6.56661804913178e-19,-1.19877329607047e-17,6.16541777593038e-18,2.05973050300679e-18,-2.02080965483286e-19,-7.53390840628139e-18,1.21390604953811e-17,8.26565367184092e-18,3.28569742098391e-18,-4.45596628269002e-18,0,-2.30458346023231e-17,-5.27959363177994e-19,-1.1171466751996e-18,-5.85713319931292e-19,3.52859375386817e-18,-1.16627442154536e-17,2.40544043515438e-17,-2.96385194005773e-18,-6.07698353260183e-17,3.31487636118671e-18,-6.3002377453871e-18,-3.23709127780723e-18,-7.03661207644411e-18,-4.85884755435303e-17,-2.80317406245813e-17,-1.28049108145626e-19,-3.67123257837427e-17,-2.51549293090605e-17,-1.02283671196953e-16,-1.77937590085631e-17,-1.39703135341812e-17,-6.13874863723588e-18,1.87747436631529e-18,2.46672072163559e-18,5.45906058796782e-18,-9.76841950961758e-18,-1.15302018259083e-17,-1.38719712146621e-17,2.90680232900645e-18,-3.68596747106635e-18,-3.91070480710386e-18,2.74317669998489e-19,-6.05853984724292e-19,-6.83467080416408e-19,7.45782931129095e-18,9.52394326857445e-17,-7.74771900247696e-17,-1.80872332170877e-17,-9.96988717155483e-18,-3.99290318485637e-17,7.00900014679882e-18,-2.55607665691627e-18,-2.12955787829742e-16,8.82891213153429e-17,5.16311128968194e-16,8.35633253244128e-19,1.11771357586224e-17
"delta_home_agk_65plus_woman",0.132355889208446,2.2620997413811e-10,-0.670656652787385,-1.61744876035967e-09,-9.35274082521578,-1.94511453289844e-15,3.84481966913332e-10,-7.33720607112471e-14,-5.55927757501548e-12,-4.56943779084925e-08,6.0955199037953e-14,-2.9144921613403e-15,1.25132276231077e-09,-3.87558192176869e-10,-5.04319141562228e-09,-1.28945647845805e-08,1.50271926180395e-08,1.08095521577462e-08,-1.44751658584499e-09,-2.30458346023231e-17,-9.35274080227457,-2.19327568252863e-09,-9.35274080476249,4.69376225203795e-09,-0.44368465020396,1.13443992781875e-08,-4.38132772150247,-4.60465634303823e-14,-2.39663868582681,4.65605909216147e-10,-2.05566980534122,-1.29581771567131e-10,-3.50294116482239,5.66765582168213e-09,-3.96824225637355,1.79330253852554e-07,-1.18346609709138,-1.41050578463834e-14,-2.60349228365622,-3.14389047172497e-14,-1.35991650277102,-3.96629930196586e-10,-2.33189002574892,-1.86713878912416e-15,-1.18346611630719,1.47328139162568e-08,-0.852328844555169,1.95733326325507e-09,-0.237623666652499,4.33531872871207e-10,-0.223806237780587,3.65058676024472e-09,-7.51008139184605e-12,-9.37407226960546e-10,-0.335828024004948,6.72649243783812e-09,-4.35646295133809,3.94294373497173e-10,-4.28087304161684,-6.03707572370624e-15,-1.58892913837669,-4.25656913203526e-14,2.63094134521442,-4.41149068150154e-10,0.0496481425324412,-3.14904623051144e-13,2.82476983386712
"delta_temp_agk_65plus",0.0185743035370653,-0.0157783645614638,0.151525707581337,-4.15177538451002,2.16764394495789,-2.56620037256456e-09,-3.56413267326357e-08,1.20916919436817e-07,1.19920149219795e-13,-1.32436850328114e-12,1.15707494003128e-07,-4.8043425100057e-09,-1.17844735923565e-07,2.10373781374252e-06,-5.80772975921329e-09,-7.91779358826132e-09,1.05607857170229e-07,-2.49835735494397e-15,1.08603393823678e-07,-5.27959363177994e-19,-2.19327568252863e-09,-4.15177542634734,2.16764370054312,-0.0937330098381906,0.085224415068179,-0.796800855270863,0.475463913347681,-1.05235106173729,0.557364592087864,-0.859222656154418,0.492115501498902,-1.60068050199712,0.862721433157443,-0.562616123027637,0.222337700358262,-0.590825499592975,0.198080113128911,-1.26510181102566,0.741684203096213,-0.658960277916591,0.438221492602119,-0.104071488044221,0.0811665643614024,-0.59082541014167,0.198080013465009,-1.13223777717717,0.623334741070252,-0.470748312393947,0.330383406007192,4.01371757470527e-08,-1.98544084955877e-15,2.56859683151867e-08,-4.80538393252326e-08,-0.0937331215228293,0.0852244747080364,-2.36731286078457,1.33850075058227,-1.53034575376106,0.753961653356902,-2.27523461112566,1.13989195055638,-1.06675441045689,0.332747266864039,2.20498720006334,-1.00114928332991,-0.865213137575062,0.302287436908872
"delta_home_agk_65plus",0.204786901702665,0.00655156863960484,-1.21600557683831,2.16764372605026,-17.592833930314,9.68563942350487e-12,-8.46435205298029e-09,-2.81686815065569e-16,-7.85272401197818e-09,-8.25203727224775e-08,-2.65767750033603e-09,1.81344390350005e-11,3.59174495463889e-11,-4.40025907620154e-08,-8.41788201936187e-09,-1.88278640463572e-09,3.21885656054548e-11,1.7875214446068e-16,-2.53812121962573e-09,-1.1171466751996e-18,-9.35274080476249,2.16764370054312,-17.592833904426,0.0852244162747209,-0.595067220690549,0.475463919618553,-6.1354508307033,0.55736460152429,-5.3317911503749,0.492115458488034,-3.17238705802967,0.862721132471049,-6.75292476031811,0.222337696829749,-5.17972327951704,0.198080416807051,-2.19870592467933,0.741684194942432,-5.2757996765388,0.438221491903896,-2.93707808904174,0.081166511418156,-2.98103023959198,0.198080132929044,-2.19870597328757,0.623334785336938,-3.22058884086127,0.330383447705151,-0.729377833497819,-5.39017267202883e-16,-0.223806238093926,2.28844948355678e-14,-1.14132728931063e-08,0.0852244629417378,-0.487210568415991,1.33850076039929,-9.1416439223347,0.75396161809066,-7.35912859775117,1.13989196446326,-4.93779113173931,0.332747152952243,1.01253529230772,-1.00114931207334,4.6949052368486,0.302287019734702,1.91543720570403
"delta_temp_income_50minus",0.0758913047766992,-0.0822004794167853,0.324862598257666,-12.0342111571178,5.99376804688562,-3.60463426893522,1.38012790656477,-4.38458359761093,1.56603042501714,-1.13673813781475,0.672851624385927,-1.38289075509914,0.793696624572504,-1.30995539508691,0.80344549374597,-1.40362056241353,0.790782724002687,-3.56905349511819,2.02106860455839,-5.85713319931292e-19,4.69376225203795e-09,-0.0937330098381906,0.0852244162747209,-12.0342115700414,5.99376766646738,1.84625973276576e-07,5.76273903336692e-09,1.7608645321339e-07,1.2007175276952e-08,-8.99299011758761,4.29768635335639,-0.671071486460244,0.321971420609752,-4.51689560745602,1.99162249865932,-1.26417565016263,0.433272936605098,-2.9506699439669,1.9555255005335,-1.10260194365321,0.692330111563776,-1.07470071379149,0.47980893398531,-0.329819574923081,0.109281578066455,-0.885813715272298,0.630261955813229,-0.717829893809037,0.270655206001065,-0.483716805372193,0.1362282615702,-0.0102845833463148,0.00345154192687531,-0.693148568858786,0.499781579804801,-4.37209779280907,2.18537465712264,-4.9053509346063,2.69947560049932,-8.10984098002085,3.84083284438379,-3.21214884614896,0.724376389467489,2.33341437667524,0.107105428019023,-5.60491303041049,2.80559671903368
"delta_home_income_50minus",0.169878802274929,0.0397519688103213,-1.05175209143763,5.99376775955355,-20.0519253096016,1.38012790629612,-6.12211571578935,1.5660304541937,-6.69209185703092,0.672851336097097,-1.68961439454068,0.793696506422079,-2.66056649681988,0.803445743215984,-1.93224288139683,0.790782523054162,-2.44256651396525,2.02106836126936,-5.68832147890367,3.52859375386817e-18,-0.44368465020396,0.085224415068179,-0.595067220690549,5.99376766646738,-20.0519252914466,-1.81754155192883e-15,-1.31532527118432e-08,-2.94210848318139e-09,1.2323563668906e-09,4.29768576018048,-13.8745541871864,0.321971478202257,-1.51943412194174,1.99162235309302,-7.19589936839379,0.433273365973352,-1.93593595530643,1.95552548319411,-5.7521268593384,0.692329959614231,-2.20642729385832,0.479808706123485,-1.81304538892195,0.109281839202333,-0.351712577194173,0.630261722284873,-2.19961913105261,0.270655168840958,-0.756090313508227,0.136228187952933,-0.922381304092622,0.0034515573485527,-0.221814759991545,0.499781570777728,-1.07326265935416,2.18537462407692,-7.63437169304246,2.69947533736728,-8.98039310648613,3.84083283262652,-13.2839592924165,0.724375993483443,-2.77020569483703,0.107105378189962,3.25527889975792,2.80559456551715,-7.83516300091186
"delta_temp_income_100_149",0.234919065902467,-0.352942364379432,1.67749586671785,-42.5144123675514,23.7023096139987,-1.02934107632074,0.460632658659173,-2.65832281033778,1.47275884596241,-4.83660790212098,2.36474164577428,-4.29558367804582,2.34399134775044,-10.3167441969302,5.0535185729721,-9.99895318532756,5.91407847424737,-19.802850961452,11.8360275461329,-1.16627442154536e-17,1.13443992781875e-08,-0.796800855270863,0.475463919618553,1.84625973276576e-07,-1.81754155192883e-15,-42.5144124163586,23.7023094691922,-1.25963349634127e-13,1.35147652038653e-08,-6.23553837007618,3.65730430495952,-17.654603806041,9.41724291840588,-15.1137476608203,7.01407898481155,-5.24120912937659,2.50446565592349,-12.3819329281507,8.84787074109754,-5.16673407902409,2.7711312062909,-4.6196418253904,2.34404913856629,-3.37763522781069,1.46097877275178,-6.28636394860883,4.4446591902363,-2.19670557466375,1.22430810173168,-2.36966440575109,1.00681643262858,-0.389828078744945,0.155069632583076,-0.830659227968744,0.570717014297938,-25.0192057016402,14.6510140719722,-13.1649928261844,6.99258580426848,-13.1352848760799,7.5941541767418,-3.68083352129956,-2.34642040150424,-4.68548791342182,7.22058337378311,0.838947164943141,-2.50797701866348
"delta_home_income_100_149",0.605272939147938,0.176557253329831,-5.3798659835275,23.7023094682479,-75.6884447863703,0.460632664617792,-3.07231702882097,1.47275882021245,-5.10290062686386,2.3647415361488,-7.79477644199534,2.34399132789959,-8.27976383468809,5.05351873781062,-16.1738683865582,5.91407843987375,-16.5145215163473,11.836027515264,-32.0158149933747,2.40544043515438e-17,-4.38132772150247,0.475463913347681,-6.1354508307033,5.76273903336692e-09,-1.31532527118432e-08,23.7023094691922,-75.6884447963645,-9.68003161459767e-14,4.56456005508942e-10,3.65730415706526,-10.1113350706431,9.41724289131591,-30.6516261805008,7.0140789703898,-25.609235707195,2.50446581662771,-9.08081085070132,8.84787072688067,-23.2977218929552,2.7711311535376,-9.81377151420725,2.34404913194651,-10.8813252587665,1.46097875457622,-5.72154073512681,4.44465910962902,-11.7967134903903,1.22430807088769,-2.46239635391298,1.0068164289011,-3.64013371339645,0.155069628847013,-1.09605660968241,0.570717004601326,-1.86274752525939,14.6510140594383,-46.2797447477482,6.99258576534173,-24.3304022330429,7.5941541728311,-19.9595030518702,-2.34642037632179,3.11077547432815,7.22058336496315,-6.38468052483153,-2.50797736595481,3.86218475155243
"delta_temp_income_150plus",0.272907254486077,-0.262473625942055,1.81589316660295,-45.7386703713089,24.2828934362701,-0.229392866982399,0.10741279165643,-0.741484794279174,0.452492640580068,-7.53883493872737,3.84643765897852,-3.32401103404442,1.9236470385254,-11.9776178656274,5.81422648570069,-8.31948207612084,4.53703909448712,-24.5113900395694,13.2741984744263,-2.96385194005773e-18,-4.60465634303823e-14,-1.05235106173729,0.55736460152429,1.7608645321339e-07,-2.94210848318139e-09,-1.25963349634127e-13,-9.68003161459767e-14,-45.7386703822716,24.2828934356022,-3.69739712749005,2.17640846272226,-24.7494076612663,12.6793540659263,-15.6016780395715,6.69788991464983,-9.521345390404,4.64263822227907,-11.0784545321573,7.71357535387934,-6.08535710211047,3.40681728958163,-6.63877309786641,2.97645352070877,-5.73416356853982,2.83926901054857,-6.44862512462739,4.46688495892635,-1.56270732134383,0.964114666551015,-1.1174779291541,0.430333062745197,-0.460285985278896,0.201412311224082,-1.28074410376228,1.00371387871819,-34.6462588136631,19.0557329623292,-6.82505196575838,3.27001433604931,-9.85468781709744,5.55946786310962,-2.48911867011189,-2.78189497395724,-7.69902541515573,7.06002809575487,13.4011972520752,-8.12890199446309
"delta_home_income_150plus",0.981733601624672,0.142381465683166,-7.42441941977784,24.2828934256878,-101.901803745031,0.107412797470362,-0.701199627863977,0.452492662532656,-1.65528423813854,3.84643757398573,-15.6499161675884,1.92364701763262,-9.75448958742767,5.81422662568519,-23.9346358829017,4.53703906261419,-20.8277732055635,13.27419844592,-51.8684184032115,-6.07698353260183e-17,-2.39663868582681,0.557364592087864,-5.3317911503749,1.2007175276952e-08,1.2323563668906e-09,1.35147652038653e-08,4.56456005508942e-10,24.2828934356022,-101.901803754785,2.17640832357548,-6.76324121896956,12.6793540034786,-52.6527230095385,6.69788991628112,-33.6434648367062,4.64263846232728,-20.2801178726841,7.7135753467806,-25.609594718017,3.40681724967162,-14.4567139997114,2.97645348601462,-16.6955895328628,2.83926908756675,-9.97392178894025,4.46688492308092,-15.5853297128404,0.964114655596248,-2.17554750185223,0.430333076054468,-1.9955709057842,0.201412318355292,-1.90461272573189,1.00371388755824,-2.49449031101047,19.0557329764525,-77.7805322330569,3.27001432074931,-17.2254495398397,5.55946786116989,-22.2042033830505,-2.7818950421752,3.35330966931358,7.06002808895467,-16.0270944828282,-8.12890219964603,31.0227699278847
"delta_temp_education_highschool",0.223414636773088,-0.435127278622926,1.04411904224241,-36.2140403066634,18.0758289581405,-3.6871972359625,1.51584004218568,-6.19451712248935,2.54073502977348,-3.92755080852087,2.30695666311182,-0.7759844494057,0.377308822014231,-7.10444879574658,3.71501778722677,-7.73508007855529,4.1360222008525,-18.3962627628036,9.75138601935087,3.31487636118671e-18,4.65605909216147e-10,-0.859222656154418,0.492115458488034,-8.99299011758761,4.29768576018048,-6.23553837007618,3.65730415706526,-3.69739712749005,2.17640832357548,-36.2140403010896,18.0758289150794,-1.52352743339876e-07,6.97229060063586e-14,-11.7346492033136,4.79110113640967,-3.77058211373332,1.50646509969654,-8.63130904401032,5.43838531902081,-4.65664673818266,2.62372947980006,-3.72185406990829,1.58937421498157,-1.39550513774643,0.480348563604248,-2.59798095482421,1.71990073449644,-3.97742923799792,2.0616390671032,-1.41048676571651,0.599105101865459,-0.181526731826216,0.0531226944632074,-1.52183973794886,1.1492299325117,-14.8016569553581,7.88497129176663,-13.8890841886028,6.9455047062037,-16.4139571651268,7.80520894869731,-4.11970153513721,-1.67532012585583,5.84559642345176,1.40942463243767,-11.5173526719775,3.75512356492816
"delta_home_education_highschool",0.415696645895959,0.212260163206243,-3.04067835911367,18.0758289476028,-53.4349363726194,1.51584003870181,-6.12905118849131,2.54073530219419,-9.04464613963591,2.30695617547025,-5.03409067590438,0.377308826796152,-1.18933814910514,3.71502140347888,-9.72816039436135,4.13602209203146,-11.442092196073,9.75138609072058,-25.7354346775018,-6.3002377453871e-18,-2.05566980534122,0.492115501498902,-3.17238705802967,4.29768635335639,-13.8745541871864,3.65730430495952,-10.1113350706431,2.17640846272226,-6.76324121896956,18.0758289150794,-53.4349367471495,-4.19252076213697e-09,-2.30373209596802e-10,4.79110120297236,-15.9794860636964,1.50646499715774,-4.74101946384926,5.43838527190537,-13.4517883120534,2.62372945401032,-8.34023567857724,1.58937420926089,-6.18574276164579,0.480348519164709,-1.41017930558677,1.71990088333258,-4.18546756138807,2.06163910386235,-4.75513837736644,0.599105117869672,-1.99149128808043,0.0531227431784079,-0.609130015505112,1.1492297427614,-2.12136893644116,7.8849714239462,-22.2970127241177,6.94550466315859,-22.9467946294973,7.80520899583902,-23.7619755354537,-1.67532129513001,1.85093369145841,1.40942468424015,4.73856752707141,3.75512453099859,-13.2351654981354
"delta_temp_education_graduate",0.331738498014357,-0.41974844586984,1.89715003190955,-53.2260582769136,27.2971210049199,-1.14018889680447,0.387674988130932,-1.6332615554846,0.462714329683434,-7.55090364566136,3.99578182934108,-6.31713452286034,3.34167861251879,-12.4382386968803,6.22592579868698,-8.35370623922315,4.5335799791645,-24.078681443543,12.8951001879444,-3.23709127780723e-18,-1.29581771567131e-10,-1.60068050199712,0.862721132471049,-0.671071486460244,0.321971478202257,-17.654603806041,9.41724289131591,-24.7494076612663,12.6793540034786,-1.52352743339876e-07,-4.19252076213697e-09,-53.2260573566422,27.2971212196236,-20.5428746815343,8.34574317457395,-7.96910256898989,3.76468803099244,-14.8016684725447,10.005416033318,-6.14155782385085,3.52231788035289,-5.5397115288141,2.56190882121719,-5.14573622445473,2.2922791261122,-7.81656368061277,5.27923556383184,-1.01655266185397,0.483390652623454,-2.05669108736194,0.726024660221958,-0.513597418494372,0.23413890944791,-1.67626207035699,1.22311478423511,-38.4077388550019,20.3169539701024,-10.5449019613015,4.83604334668967,-17.2461559706009,8.63699042877315,-5.79700957867969,-1.56789750631233,-7.66902505777178,8.39810004363272,7.96906345393057,-5.18239700071335
"delta_home_education_graduate",0.977150517093242,0.2071455722664,-6.9351495878241,27.2971210475351,-101.040752914014,0.387675181273306,-2.76222298107137,0.46271440536976,-3.43825675068283,3.99578194778936,-13.8373966085945,3.34167872197685,-13.9799236341909,6.22592648869823,-21.7495681364815,4.53357980632831,-17.0859294405674,12.8951004312536,-42.9223848738573,-7.03661207644411e-18,-3.50294116482239,0.862721433157443,-6.75292476031811,0.321971420609752,-1.51943412194174,9.41724291840588,-30.6516261805008,12.6793540659263,-52.6527230095385,6.97229060063586e-14,-2.30373209596802e-10,27.2971212196236,-101.040753095601,8.34574296795551,-36.5426522129205,3.7646885369075,-15.9886869273761,10.0054160515372,-28.2916870956002,3.52231775604944,-12.5040609679349,2.56190934213862,-12.6723064417884,2.29227927365479,-8.60928761559079,5.27923577428078,-16.1136542520467,0.483390700236153,-1.277096031487,0.726024666730414,-3.85513521431867,0.23413913350428,-1.88586676434138,1.22311490997271,-3.10999288939476,20.3169539866779,-74.0927719003205,4.83604304494308,-20.2902962957495,8.63699052623015,-29.111180521699,-1.56789775435255,0.336869682609417,8.39809999586916,-15.9694482151612,-5.18239683991636,21.7335845120463
"delta_temp_impneighbor_20_39",0.465210954882588,-0.47679823551901,1.22059574721587,-52.1053348204143,22.0449046360547,-4.77338207033223,2.10045823979457,-5.75339735814238,2.35575598446981,-7.91963067936547,3.12891790623705,-4.89506317945577,2.01128778309648,-14.6167209241996,5.42575237513258,-10.4897810130195,4.9101807616641,-20.3662257313444,9.48309765935386,-4.85884755435303e-17,5.66765582168213e-09,-0.562616123027637,0.222337696829749,-4.51689560745602,1.99162235309302,-15.1137476608203,7.0140789703898,-15.6016780395715,6.69788991628112,-11.7346492033136,4.79110120297236,-20.5428746815343,8.34574296795551,-52.1053348246425,22.0449046048045,2.67156498919901e-07,-1.02439517704947e-14,1.21629869719472e-11,4.25038753663597e-09,1.4759927039375e-11,3.15351718519116e-11,-17.2976232348088,7.56432575844964,-4.25913078625485e-15,-3.96776426222796e-08,2.38095471847133e-08,-2.94354815238866e-14,3.15952074052938e-09,-1.29697715991913e-09,-4.9347792984294,1.97161012545813,5.89152829422208e-09,-4.69395574679469e-15,6.03758187594239e-14,9.36378834435944e-10,-29.1157018619758,12.9149099779969,-16.1218996369562,6.84078902019546,-19.678831846274,8.93329909838938,-19.8832647589324,4.12793950534195,0.839932491938127,3.85282089471081,-3.34210182926602,-0.239782635572102
"delta_home_impneighbor_20_39",1.08715284712497,0.194093648683352,-5.13141222390513,22.0449045934714,-89.9925801674051,2.10045824445599,-8.42247958791447,2.35575602118525,-9.34656134662059,3.12891787778207,-12.4262711934214,2.01128781134454,-8.82145455651943,5.42575298060254,-21.7571411488768,4.9101807548596,-19.2976920313506,9.4830976445104,-35.3593834499758,-2.80317406245813e-17,-3.96824225637355,0.222337700358262,-5.17972327951704,1.99162249865932,-7.19589936839379,7.01407898481155,-25.609235707195,6.69788991464983,-33.6434648367062,4.79110113640967,-15.9794860636964,8.34574317457395,-36.5426522129205,22.0449046048045,-89.9925802259877,3.55510426907932e-07,-1.26405254714767e-09,1.61667797847431e-11,7.21556768259276e-12,1.96209756014322e-11,4.19209964971257e-11,7.56432574366202,-37.5578971399207,-1.66937354377961e-15,-1.09740794616953e-14,6.32460564658897e-08,6.53265804385419e-08,4.19905464491273e-09,-1.72377797125329e-09,1.97161013792883,-8.09449775815122,1.44726405121262e-08,1.60342102363099e-11,8.79124916235506e-14,1.24452495947047e-09,12.9149099860532,-53.456502101668,6.84078899950592,-29.235307699885,8.93329913011349,-31.5749493235016,4.12793933942041,-17.7983099793815,3.85282090005055,-2.78769348958038,-0.239782616776272,5.0205205427967
"delta_temp_impneighbor_40_59",0.170388724030392,-0.162456705966382,0.69821396715181,-22.0346126391197,10.2948807990158,-1.39470035253118,0.504591283242697,-2.00159080242417,0.647826870816031,-2.00166678104817,0.721825759641153,-2.07943586938661,1.15111926196244,-3.36594538409298,1.46133296662245,-3.56468550775965,1.85615152385932,-12.0062837228872,5.85528553210143,-1.28049108145626e-19,1.79330253852554e-07,-0.590825499592975,0.198080416807051,-1.26417565016263,0.433273365973352,-5.24120912937659,2.50446581662771,-9.521345390404,4.64263846232728,-3.77058211373332,1.50646499715774,-7.96910256898989,3.7646885369075,2.67156498919901e-07,3.55510426907932e-07,-22.0346241041701,10.2948804362021,1.77307507809795e-10,1.24132088687131e-07,-5.41974252562812e-14,7.19828621298525e-07,4.55821434254818e-07,1.17620616716162e-06,-12.0170604482694,5.50716531561127,1.39070774856597e-06,1.43737954826743e-06,1.00507253871764e-07,-1.78285837441139e-12,4.98556658426876e-07,2.5689201193949e-08,-0.926963165384273,0.391360630291359,-2.10798646128412e-15,3.6118230937194e-07,-15.8833389446494,7.65931864860431,-3.73371396640275,1.6423743330693,-11.0952758119466,5.29920001229342,-4.0157362446261,0.624457171951314,-2.54438168608837,2.31620149515211,2.21411300731619,-1.50189978409888
"delta_home_impneighbor_40_59",0.445157992940131,0.0782053530597814,-2.83505174815549,10.2948803626816,-41.8119715212884,0.504591416617014,-2.5523732428864,0.647826912516266,-2.96742166717257,0.721824961942192,-3.18973191129955,1.15111872721351,-5.06852526605414,1.46133261315141,-5.86193246804018,1.85615023582154,-8.17709915647619,5.85528471270568,-21.7480295002323,-3.67123257837427e-17,-1.18346609709138,0.198080113128911,-2.19870592467933,0.433272936605098,-1.93593595530643,2.50446565592349,-9.08081085070132,4.64263822227907,-20.2801178726841,1.50646509969654,-4.74101946384926,3.76468803099244,-15.9886869273761,-1.02439517704947e-14,-1.26405254714767e-09,10.2948804362021,-41.8119714907636,-6.51863680775766e-09,-1.52934812576149e-14,-1.4640166467281e-08,3.12417785572429e-08,9.89172912442142e-09,-6.54527054772024e-11,5.50716564117875,-19.7423086641636,3.01409071207474e-08,-7.99842695895253e-11,-5.57781447563923e-12,-1.69833417807041e-09,1.07983546080964e-08,-1.36092673310316e-08,0.391360789456839,-3.46867426730132,-2.34082449149948e-08,-1.45060732578611e-08,7.65931831219684,-31.8151565045566,1.64237387400073,-6.70915115960044,5.29919958886384,-20.8553697205973,0.624456869962993,-1.10345715826507,2.3162013832928,-6.8708562440172,-1.50190556959654,6.64827297694215
"delta_temp_impneighbor_60plus",0.0681968320638043,-0.275102162740263,2.17520596305548,-37.8854284762166,25.6126647558175,-0.798161235453346,0.633575549483111,-2.74460048638379,2.06658525084665,-5.39518600043716,3.57331877782242,-4.88013483809456,3.31976590551764,-8.92002791397735,5.77262235304242,-6.41667702807425,4.77934892593588,-16.6162571617753,11.494381736225,-2.51549293090605e-17,-1.41050578463834e-14,-1.26510181102566,0.741684194942432,-2.9506699439669,1.95552548319411,-12.3819329281507,8.84787072688067,-11.0784545321573,7.7135753467806,-8.63130904401032,5.43838527190537,-14.8016684725447,10.0054160515372,1.21629869719472e-11,1.61667797847431e-11,1.77307507809795e-10,-6.51863680775766e-09,-37.885428472307,25.6126648002932,-5.97805384386562e-09,1.63931873507679e-11,5.17434693955175e-12,1.71432604007599e-09,-4.9723534064718e-09,-1.90749981544926e-08,-17.6871950027613,11.8328182729136,2.28599774278788e-12,-6.73899100087519e-10,3.68765129201291e-10,-5.34788568974027e-15,-2.18812206283213e-15,-4.88505866302061e-09,-4.95269252530832,3.76952026530774,-25.6551684283597,17.7471198120036,-8.81773156948285,5.69633460446336,-12.5353981599124,8.28775341538031,10.8502427587473,-9.9301020512395,-15.6898591047094,13.9468976177735,5.08075545996474,-4.81294324199386
"delta_home_impneighbor_60plus",0.32357264909643,0.188403828497526,-6.17110796499162,25.6126648009374,-72.2801115968051,0.633575552421222,-2.24092471750738,2.06658525804971,-5.18846327321441,3.57331876547886,-7.94805110580969,3.31976592094061,-11.3075884311464,5.77262235624245,-14.147992011651,4.77934891314669,-12.0559250237771,11.4943817353308,-29.291102760921,-1.02283671196953e-16,-2.60349228365622,0.741684203096213,-5.2757996765388,1.9555255005335,-5.7521268593384,8.84787074109754,-23.2977218929552,7.71357535387934,-25.609594718017,5.43838531902081,-13.4517883120534,10.005416033318,-28.2916870956002,4.25038753663597e-09,7.21556768259276e-12,1.24132088687131e-07,-1.52934812576149e-14,25.6126648002932,-72.2801116206385,6.84056009343187e-12,1.23758692170446e-08,3.62135969502465e-09,2.02222698581454e-08,-1.21537468021342e-14,-3.69054923801222e-14,11.8328183051966,-36.243284564374,1.59904813144938e-09,9.51200474206332e-12,4.28304623627097e-09,-7.95244357348947e-15,5.05983303785738e-09,-7.84615367032029e-15,3.7695202743751,-8.58408566981601,17.7471198150255,-48.8808226807733,5.69633460522768,-18.6270839600581,8.28775342624067,-20.7686061747844,-9.93010210445302,22.6186158483609,13.9468976202237,-26.6237091891977,-4.81294318031845,9.30883853510542
"delta_temp_impneighbor_20minus_suburban",0.100427933252581,-0.151670619491739,0.668810838838222,-18.5761794245373,10.0974248034059,-0.729909161642158,0.284122149289681,-1.26442911263071,0.580591750606411,-2.24586256660771,1.29376014051782,-1.27298345566252,0.639849897071625,-3.60101101298998,1.89331309682842,-4.05201152371587,2.35756794043799,-10.0056268073679,5.59426194885119,-1.77937590085631e-17,-3.14389047172497e-14,-0.658960277916591,0.438221491903896,-1.10260194365321,0.692329959614231,-5.16673407902409,2.7711311535376,-6.08535710211047,3.40681724967162,-4.65664673818266,2.62372945401032,-6.14155782385085,3.52231775604944,1.4759927039375e-11,1.96209756014322e-11,-5.41974252562812e-14,-1.4640166467281e-08,-5.97805384386562e-09,6.84056009343187e-12,-18.5761794136454,10.0974248231087,-3.98780077522338e-14,-2.01396431482899e-13,-1.20835141742226e-08,-4.62360100065543e-08,-1.19872370208265e-13,-1.27612095609504e-14,-2.51850733841565e-15,2.58791208029571e-11,-2.21170292435623e-15,-5.47578555642359e-14,-9.26596655214318e-16,-1.18713264717831e-08,-2.32281221196789e-08,-1.32135559285915e-08,-11.0561564584925,6.0821110487869,-6.42029615646919,3.46390891602734,-5.56142944829871,3.07058450790386,0.661008405641897,-1.29348103130374,-0.727651758204213,1.67840648239819,1.10905416168432,-0.863817211736531
"delta_home_impneighbor_20minus_suburban",0.334322277557338,0.0745520563224083,-2.69432494191396,10.0974248175614,-38.4962549737597,0.284122157150892,-1.78181140980933,0.580591820821268,-2.76777548924861,1.29376000027682,-4.7703062762862,0.639849898902021,-2.77426889371829,1.89331408190113,-6.54077896010697,2.35756793053326,-8.42830935285566,5.5942619767288,-19.8477531429382,-1.39703135341812e-17,-1.35991650277102,0.438221492602119,-2.93707808904174,0.692330111563776,-2.20642729385832,2.7711312062909,-9.81377151420725,3.40681728958163,-14.4567139997114,2.62372947980006,-8.34023567857724,3.52231788035289,-12.5040609679349,3.15351718519116e-11,4.19209964971257e-11,7.19828621298525e-07,3.12417785572429e-08,1.63931873507679e-11,1.23758692170446e-08,10.0974248231087,-38.4962549930145,2.09998123037165e-08,8.890251141992e-09,-2.581891482166e-08,-4.31410390939781e-15,6.93263004089827e-08,1.08643009415325e-08,1.18654996478217e-11,-3.49456771746433e-09,2.48369119278519e-08,-2.80239385994406e-15,1.46706692038062e-08,-2.19218571725843e-15,-2.10099169427092e-15,3.32795912884047e-08,6.08211107315702,-23.8358089266356,3.46390890729642,-13.3240364590887,3.07058453149362,-11.0300039118754,-1.29348115441648,4.1748605613979,1.67840649696833,-2.11591163530402,-0.863816975015692,3.89135245106081
"delta_temp_impneighbor_20_39_suburban",0.147026603168808,-0.116625339646417,0.465184864922612,-17.2976232381956,7.56432573528221,-1.43880594749502,0.636753369654807,-1.87580271243104,0.729989692222301,-2.41677755434005,0.755383567559208,-1.23964438213024,0.427556839355116,-4.87591696023894,1.65530111679134,-3.22200238998655,1.44104338295143,-7.59997676292834,3.79671440807477,-6.13874863723588e-18,-3.96629930196586e-10,-0.104071488044221,0.081166511418156,-1.07470071379149,0.479808706123485,-4.6196418253904,2.34404913194651,-6.63877309786641,2.97645348601462,-3.72185406990829,1.58937420926089,-5.5397115288141,2.56190934213862,-17.2976232348088,7.56432574366202,4.55821434254818e-07,9.89172912442142e-09,5.17434693955175e-12,3.62135969502465e-09,-3.98780077522338e-14,2.09998123037165e-08,-17.2976232458565,7.56432574851106,-6.70615841913377e-10,-2.56933101309462e-09,4.05718364471505e-08,4.19334956946267e-08,2.69162806684944e-09,-1.12400871588125e-09,7.25836639861915e-09,-1.47359007467428e-15,9.29001386218104e-09,-6.69134056024287e-10,-1.28901034751712e-09,9.72566396325556e-09,-10.2774905321602,4.9382255567352,-5.45634375965586,2.18986743220412,-5.05978320526636,2.45705389306785,-2.96756951556007,-0.734071686428513,-2.59374795148943,2.83467655074416,2.87089190454403,-1.82423957966778
"delta_home_impneighbor_20_39_suburban",0.477380025564828,0.0501990185851052,-2.34753264246255,7.56432574521795,-37.5578970928368,0.636753347373391,-3.18949641489275,0.729989700029228,-3.62377979264819,0.755383533746454,-3.87568970018443,0.427556870323714,-2.42377999534235,1.65530195865785,-8.48700675418149,1.44104324990772,-7.25535876301944,3.79671436446731,-16.2977527439398,1.87747436631529e-18,-2.33189002574892,0.0811665643614024,-2.98103023959198,0.47980893398531,-1.81304538892195,2.34404913856629,-10.8813252587665,2.97645352070877,-16.6955895328628,1.58937421498157,-6.18574276164579,2.56190882121719,-12.6723064417884,7.56432575844964,-37.5578971399207,1.17620616716162e-06,-6.54527054772024e-11,1.71432604007599e-09,2.02222698581454e-08,-2.01396431482899e-13,8.890251141992e-09,7.56432574851106,-37.5578972331247,3.46076238246336e-09,-1.61635975784015e-07,1.13279769274252e-07,1.7474997503122e-08,1.51129035161254e-08,1.67628882235486e-15,4.05357967562183e-08,-1.56365710117558e-15,2.39412735156384e-08,3.34670653395192e-09,-1.03638072648139e-10,8.1809914462921e-09,4.93822556820889,-24.7524643845794,2.18986744769791,-11.2404368298525,2.45705396280715,-10.006570976966,-0.734071725515757,-1.51136391849172,2.83467654681954,-5.13829120669076,-1.82423950720454,7.51589367817982
"delta_temp_impneighbor_40_59_suburban",0.0862508135068339,-0.106966522506305,0.359154638360787,-12.0170604688668,5.50716565833925,-0.294972094282071,0.0674290630047578,-0.2949720899296,0.0674290718430859,-1.13344090601399,0.450526639215198,-1.39188566580702,0.810173275206855,-1.94307266725838,0.860355722173781,-1.6372990610881,0.867321181733525,-6.68908789362189,3.05323858041612,2.46672072163559e-18,-1.86713878912416e-15,-0.59082541014167,0.198080132929044,-0.329819574923081,0.109281839202333,-3.37763522781069,1.46097875457622,-5.73416356853982,2.83926908756675,-1.39550513774643,0.480348519164709,-5.14573622445473,2.29227927365479,-4.25913078625485e-15,-1.66937354377961e-15,-12.0170604482694,5.50716564117875,-4.9723534064718e-09,-1.21537468021342e-14,-1.20835141742226e-08,-2.581891482166e-08,-6.70615841913377e-10,3.46076238246336e-09,-12.0170604620074,5.50716562073928,2.49410970743604e-08,-9.40801539437124e-16,-2.95724861009381e-10,-1.3819424021379e-09,7.32983781500558e-10,-1.12326009222382e-08,5.71093555067432e-09,-9.87418448928507e-09,-1.93204726218759e-08,-1.09906491777553e-08,-8.66813437406696,3.97516318582221,-1.96696782532165,0.857507869599288,-4.69834786027881,2.30330826141853,-3.51373915589487,1.13982064451682,-1.16104943832388,1.12649772298664,0.935846964877505,-0.675761138649737
"delta_home_impneighbor_40_59_suburban",0.203131434204233,0.0497219579150377,-1.3236788841003,5.50716564385116,-19.7423087919998,0.067429033634994,-0.390550912551378,0.0674290623425421,-0.390550861191622,0.450526143298228,-1.39251551551005,0.810173238638507,-3.1185512437969,0.86035540920637,-2.82775699019774,0.867321039373324,-2.94289166775662,3.05323853282391,-9.52200316117236,5.45906058796782e-18,-1.18346611630719,0.198080013465009,-2.19870597328757,0.109281578066455,-0.351712577194173,1.46097877275178,-5.72154073512681,2.83926901054857,-9.97392178894025,0.480348563604248,-1.41017930558677,2.2922791261122,-8.60928761559079,-3.96776426222796e-08,-1.09740794616953e-14,5.50716531561127,-19.7423086641636,-1.90749981544926e-08,-3.69054923801222e-14,-4.62360100065543e-08,-4.31410390939781e-15,-2.56933101309462e-09,-1.61635975784015e-07,5.50716562073928,-19.7423084030398,-1.22481333851245e-10,-1.97526816259506e-07,-1.13300975767516e-09,8.24846130190837e-11,-1.01228991066515e-15,-4.30354224126877e-08,4.53564716138778e-16,-7.56618549969513e-08,-7.40224599542035e-08,-4.21084334753466e-08,3.97516316824547,-15.3832244820645,0.857507856071294,-2.60609258055325,2.30330823419482,-7.74383470088163,1.13981911904144,-3.76784821890011,1.12649771753958,-2.10277200444358,-0.67576138263435,1.87823691391688
"delta_temp_impneighbor_60plus_suburban",0.0299365350605189,-0.0920175732210645,1.00336777811333,-17.6871950071765,11.8328183283147,-0.495862272444874,0.379244824970383,-0.941479340862018,0.692194925345527,-2.24292271081529,1.45464119035339,-1.97837467651951,1.44450007455692,-4.03623200587683,2.62145051771738,-2.41031841921596,1.79780608041691,-8.14475920603633,5.44888083147759,-9.76841950961758e-18,1.47328139162568e-08,-1.13223777717717,0.623334785336938,-0.885813715272298,0.630261722284873,-6.28636394860883,4.44465910962902,-6.44862512462739,4.46688492308092,-2.59798095482421,1.71990088333258,-7.81656368061277,5.27923577428078,2.38095471847133e-08,6.32460564658897e-08,1.39070774856597e-06,3.01409071207474e-08,-17.6871950027613,11.8328183051966,-1.19872370208265e-13,6.93263004089827e-08,4.05718364471505e-08,1.13279769274252e-07,2.49410970743604e-08,-1.22481333851245e-10,-17.6871951280121,11.8328183324831,8.94598493211588e-09,3.83757609426482e-08,4.61660418247385e-08,-3.572953148837e-11,2.83256523288935e-08,-9.46843433402246e-14,4.79444154027858e-08,3.21481192415968e-08,-12.7081191739849,8.78179640769941,-3.73035720689469,2.46605440553647,-3.53132920434896,2.39381474204219,4.92487718501689,-4.43004255544495,-8.28996220105156,6.76382036435173,4.21755821409798,-3.18241679715231
"delta_home_impneighbor_60plus_suburban",0.172930285446362,0.0609147887265218,-3.04299794257216,11.8328182890988,-36.2432845108068,0.379244794462863,-1.1945986682334,0.692195059105131,-2.10872537073197,1.45464121872552,-3.60885382717625,1.44450006434388,-5.16196138200839,2.62145179164077,-7.01939561921579,1.79780598736738,-4.79144678410042,5.44888073733423,-15.0752026780154,-1.15302018259083e-17,-0.852328844555169,0.623334741070252,-3.22058884086127,0.630261955813229,-2.19961913105261,4.4446591902363,-11.7967134903903,4.46688495892635,-15.5853297128404,1.71990073449644,-4.18546756138807,5.27923556383184,-16.1136542520467,-2.94354815238866e-14,6.53265804385419e-08,1.43737954826743e-06,-7.99842695895253e-11,11.8328182729136,-36.243284564374,-1.27612095609504e-14,1.08643009415325e-08,4.19334956946267e-08,1.7474997503122e-08,-9.40801539437124e-16,-1.97526816259506e-07,11.8328183324831,-36.2432846439859,1.84924555070101e-08,-4.8225886288475e-16,4.95366603103364e-08,2.16200576274172e-13,2.92950283661578e-08,-5.07157187007044e-08,-1.26653530989109e-10,4.95930309323767e-09,8.78179644157903,-26.2971430562423,2.46605432763807,-8.38033968342668,2.39381472746255,-6.13274090902879,-4.43004283598739,10.0854717707474,6.763820335521,-14.3712610989544,-3.18241736993407,7.08388040603799
"delta_temp_impneighbor_20minus_town",0.0499440383304163,-0.148268003016593,0.2388763629467,-7.91821758251865,4.01235819214708,-0.30653712228569,0.109060276408962,-0.306537102909935,0.109060278361638,-0.474222415639513,0.231155058792652,6.09794880225594e-12,-3.86889625022854e-15,-0.953133088711449,0.373515669840302,-1.81659071987435,1.13157528045302,-4.65759411532694,2.51989993909256,-1.38719712146621e-17,1.95733326325507e-09,-0.470748312393947,0.330383447705151,-0.717829893809037,0.270655168840958,-2.19670557466375,1.22430807088769,-1.56270732134383,0.964114655596248,-3.97742923799792,2.06163910386235,-1.01655266185397,0.483390700236153,3.15952074052938e-09,4.19905464491273e-09,1.00507253871764e-07,-5.57781447563923e-12,2.28599774278788e-12,1.59904813144938e-09,-2.51850733841565e-15,1.18654996478217e-11,2.69162806684944e-09,1.51129035161254e-08,-2.95724861009381e-10,-1.13300975767516e-09,8.94598493211588e-09,1.84924555070101e-08,-7.91821758303157,4.01235817204562,3.20499891216764e-09,-5.14936820418399e-12,2.04579806280003e-09,-2.90531787015211e-10,-5.68420841192242e-10,-5.47327510618195e-12,-4.95725967068442,2.92150897808954,-1.47122316085877,0.69024777943345,-3.22987658512274,1.61725488145369,-2.91263655640329,0.352413397201118,4.12987514403054,-1.01691953379711,-1.4332964673986,0.0780565179016653
"delta_home_impneighbor_20minus_town",0.0529134706660543,0.0636391876469711,-0.566540113920195,4.01235816166311,-9.13290306342738,0.109060282852808,-0.401737943665034,0.109060287102805,-0.401737934240151,0.231155021504955,-0.409582122697999,-1.79045147503829e-09,5.61245295074221e-11,0.373515943197944,-0.703698071327457,1.13157525052737,-2.39352633399059,2.51989991468291,-5.62360183347228,2.90680232900645e-18,-0.237623666652499,0.330383406007192,-0.729377833497819,0.270655206001065,-0.756090313508227,1.22430810173168,-2.46239635391298,0.964114666551015,-2.17554750185223,2.0616390671032,-4.75513837736644,0.483390652623454,-1.277096031487,-1.29697715991913e-09,-1.72377797125329e-09,-1.78285837441139e-12,-1.69833417807041e-09,-6.73899100087519e-10,9.51200474206332e-12,2.58791208029571e-11,-3.49456771746433e-09,-1.12400871588125e-09,1.67628882235486e-15,-1.3819424021379e-09,8.24846130190837e-11,3.83757609426482e-08,-4.8225886288475e-16,4.01235817204562,-9.13290298886186,-3.92522737980256e-16,-3.6110364894106e-16,2.30607469280781e-16,-1.35773829125657e-09,4.85153974283521e-16,1.74343330991049e-15,2.92150897651891,-6.47035008761313,0.690247773235974,-1.29469319865044,1.61725488939866,-3.68731381798051,0.352413147807195,-0.913947484444674,-1.01691951928468,2.67178410763072,0.0780565920814524,-0.320198576603996
"delta_temp_impneighbor_20_39_town",0.0486121534018268,-0.030612990770532,0.111420307878357,-4.93477930683396,1.97161013176568,-0.255940631396509,0.0629964704097205,-0.255940598777325,0.0629964733371118,-0.543464071895548,0.290273568674672,-0.265380543909515,0.175538222342957,-1.22489599491095,0.466008701708012,-1.85633060126651,0.72951972533097,-2.41137382006796,0.946416493734062,-3.68596747106635e-18,4.33531872871207e-10,4.01371757470527e-08,-5.39017267202883e-16,-0.483716805372193,0.136228187952933,-2.36966440575109,1.0068164289011,-1.1174779291541,0.430333076054468,-1.41048676571651,0.599105117869672,-2.05669108736194,0.726024666730414,-4.9347792984294,1.97161013792883,4.98556658426876e-07,1.07983546080964e-08,3.68765129201291e-10,4.28304623627097e-09,-2.21170292435623e-15,2.48369119278519e-08,7.25836639861915e-09,4.05357967562183e-08,7.32983781500558e-10,-1.01228991066515e-15,4.61660418247385e-08,4.95366603103364e-08,3.20499891216764e-09,-3.92522737980256e-16,-4.93477931786998,1.97161013122363,1.01479583747212e-08,7.08860239783853e-10,-2.19508897435369e-11,1.23769777286436e-08,-2.22242809712409,0.914536166149434,-2.05901834753392,0.795023335978178,-1.78021230788172,0.670380770341546,-1.04695437092472,0.0645363033686351,-0.232246265348609,0.504715173131503,-0.172378561888082,-0.0828008414208611
"delta_home_impneighbor_20_39_town",0.104547366916776,0.0109285947511819,-0.429179777184015,1.97161012621599,-8.09449773244851,0.0629964696039352,-0.519737892394282,0.0629964594769234,-0.519737891047183,0.290273559785583,-1.40781008477834,0.175538212053788,-0.721483921668145,0.466009237321156,-2.00632960907103,0.729519703546477,-2.96589683467909,0.946416456020448,-3.60129644570273,-3.91070480710386e-18,-0.223806237780587,-1.98544084955877e-15,-0.223806238093926,0.1362282615702,-0.922381304092622,1.00681643262858,-3.64013371339645,0.430333062745197,-1.9955709057842,0.599105101865459,-1.99149128808043,0.726024660221958,-3.85513521431867,1.97161012545813,-8.09449775815122,2.5689201193949e-08,-1.36092673310316e-08,-5.34788568974027e-15,-7.95244357348947e-15,-5.47578555642359e-14,-2.80239385994406e-15,-1.47359007467428e-15,-1.56365710117558e-15,-1.12326009222382e-08,-4.30354224126877e-08,-3.572953148837e-11,2.16200576274172e-13,-5.14936820418399e-12,-3.6110364894106e-16,1.97161013122363,-8.09449776447392,5.15385403411424e-10,-1.10495414177075e-08,8.19097635107178e-14,1.09769123463084e-09,0.914536161989409,-3.7716290476333,0.795023308917401,-3.42811622090163,0.670380758193874,-2.76292954191497,0.0645359912722452,-0.535585491144267,0.504715163571051,-0.603499333295588,-0.0828010494691181,1.02583373892949
"delta_temp_impneighbor_40_59_town",0.00893896335660574,-0.000654601610677478,0.0214076513031578,-0.926963444033202,0.391360813977729,4.01490264939957e-09,3.69386509713062e-10,1.66411793485742e-08,4.17207093451183e-09,-0.125531546219139,0.0431983035837333,7.51656533522335e-09,1.22127823675207e-09,-0.125531170543718,0.0431982838139453,-0.466677448558223,0.189948484337396,-0.631951928051242,0.262620142680974,2.74317669998489e-19,3.65058676024472e-09,2.56859683151867e-08,2.28844948355678e-14,-0.0102845833463148,0.0034515573485527,-0.389828078744945,0.155069628847013,-0.460285985278896,0.201412318355292,-0.181526731826216,0.0531227431784079,-0.513597418494372,0.23413913350428,5.89152829422208e-09,1.44726405121262e-08,-0.926963165384273,0.391360789456839,-2.18812206283213e-15,5.05983303785738e-09,-9.26596655214318e-16,1.46706692038062e-08,9.29001386218104e-09,2.39412735156384e-08,5.71093555067432e-09,4.53564716138778e-16,2.83256523288935e-08,2.92950283661578e-08,2.04579806280003e-09,2.30607469280781e-16,1.01479583747212e-08,5.15385403411424e-10,-0.926963451107874,0.391360788333233,1.0978206373854e-08,7.35248339718846e-09,-0.487375917506679,0.231353277478636,-0.347569258396336,0.128543958865916,-0.149398207264262,0.0563497270077553,0.192309716054417,-0.0851092387355444,0.176343443762378,-0.0621298934063842,0.291503455270786,-0.121590196117435
"delta_home_impneighbor_40_59_town",0.0526347031137999,0.000219686716088059,-0.180023956865299,0.391360781742073,-3.46867429188302,-6.94177789292128e-09,-7.15662482456522e-09,-1.2498034417367e-16,-7.22272500513401e-09,0.0431982236760425,-0.435893197402115,-1.29794528511949e-08,-2.3629634979184e-08,0.0431979887314334,-0.435893190769293,0.189948442171604,-1.56406154408143,0.262620111359791,-2.29154888925392,-6.05853984724292e-19,-7.51008139184605e-12,-4.80538393252326e-08,-1.14132728931063e-08,0.00345154192687531,-0.221814759991545,0.155069632583076,-1.09605660968241,0.201412311224082,-1.90461272573189,0.0531226944632074,-0.609130015505112,0.23413890944791,-1.88586676434138,-4.69395574679469e-15,1.60342102363099e-11,0.391360630291359,-3.46867426730132,-4.88505866302061e-09,-7.84615367032029e-15,-1.18713264717831e-08,-2.19218571725843e-15,-6.69134056024287e-10,3.34670653395192e-09,-9.87418448928507e-09,-7.56618549969513e-08,-9.46843433402246e-14,-5.07157187007044e-08,-2.90531787015211e-10,-1.35773829125657e-09,7.08860239783853e-10,-1.10495414177075e-08,0.391360788333233,-3.46867424328338,-1.90055321488009e-08,-1.08127281261941e-08,0.231353262687043,-2.13974189492982,0.128543926311097,-1.11623175645933,0.0563497202856703,-0.454089091462422,-0.0851094525960458,0.519859543657553,-0.0621299063890421,0.591964505887307,-0.121590525726762,1.15393756590195
"delta_temp_impneighbor_60plus_town",0.00264905072495555,-0.0431213087290968,0.348121724779062,-4.95269252022304,3.76952020224734,-0.175617379400079,0.159607496873566,-0.175617360535248,0.159607498937969,-1.30611098253404,1.01050706454456,-0.523905197388479,0.352391097990217,-1.30611110158176,1.01050705286556,-1.1907411417472,0.963322715101522,-2.42260418086379,1.92308260284,-6.83467080416408e-19,-9.37407226960546e-10,-0.0937331215228293,0.0852244629417378,-0.693148568858786,0.499781570777728,-0.830659227968744,0.570717004601326,-1.28074410376228,1.00371388755824,-1.52183973794886,1.1492297427614,-1.67626207035699,1.22311490997271,6.03758187594239e-14,8.79124916235506e-14,-2.10798646128412e-15,-2.34082449149948e-08,-4.95269252530832,3.7695202743751,-2.32281221196789e-08,-2.10099169427092e-15,-1.28901034751712e-09,-1.03638072648139e-10,-1.93204726218759e-08,-7.40224599542035e-08,4.79444154027858e-08,-1.26653530989109e-10,-5.68420841192242e-10,4.85153974283521e-16,-2.19508897435369e-11,8.19097635107178e-14,1.0978206373854e-08,-1.90055321488009e-08,-4.9526925074895,3.76952027223522,-2.61850716724834,2.08106893562716,-1.36707587416387,0.902580245448042,-1.24910136813908,0.90839138704555,4.05821428373359,-3.34069062286786,-3.96046316482991,3.4792656561045,1.89260943708383,-1.69697464878781
"delta_home_impneighbor_60plus_town",0.0187943265031827,0.0369806229498454,-0.805443182591979,3.76952027164417,-8.58408570094187,0.159607501867841,-0.378095608200481,0.159607508210183,-0.37809560584197,1.01050707391952,-1.63773621115144,0.35239114536388,-0.864376333669278,1.01050709505116,-1.63773625909364,0.963322675734035,-2.16524730813695,1.92308259811727,-4.53424892626664,7.45782931129095e-18,-0.335828024004948,0.0852244747080364,-0.487210568415991,0.499781579804801,-1.07326265935416,0.570717014297938,-1.86274752525939,1.00371387871819,-2.49449031101047,1.1492299325117,-2.12136893644116,1.22311478423511,-3.10999288939476,9.36378834435944e-10,1.24452495947047e-09,3.6118230937194e-07,-1.45060732578611e-08,3.76952026530774,-8.58408566981601,-1.32135559285915e-08,3.32795912884047e-08,9.72566396325556e-09,8.1809914462921e-09,-1.09906491777553e-08,-4.21084334753466e-08,3.21481192415968e-08,4.95930309323767e-09,-5.47327510618195e-12,1.74343330991049e-15,1.23769777286436e-08,1.09769123463084e-09,7.35248339718846e-09,-1.08127281261941e-08,3.76952027223522,-8.58408567192795,2.08106893852795,-4.54849797918019,0.902580213179486,-2.51398220966237,0.908391394353408,-1.98585577644094,-3.34069073637317,7.46150373722241,3.47926565411916,-6.73520696985993,-1.69697459824727,3.05475595384388
"delta_temp_jobtype12_professional",0.524294519589541,-0.684767255365335,3.58418987591242,-91.3283062692342,49.4987750411574,-3.90562138511503,1.78667230160791,-6.8615383022406,3.35746359384066,-11.618683626175,6.18663226954074,-8.83207448407292,4.55546741588853,-21.1872380239941,10.9196754342017,-15.4987970358566,9.10505876304627,-40.7804505233358,23.2323936054617,9.52394326857445e-17,6.72649243783812e-09,-2.36731286078457,1.33850076039929,-4.37209779280907,2.18537462407692,-25.0192057016402,14.6510140594383,-34.6462588136631,19.0557329764525,-14.8016569553581,7.8849714239462,-38.4077388550019,20.3169539866779,-29.1157018619758,12.9149099860532,-15.8833389446494,7.65931831219684,-25.6551684283597,17.7471198150255,-11.0561564584925,6.08211107315702,-10.2774905321602,4.93822556820889,-8.66813437406696,3.97516316824547,-12.7081191739849,8.78179644157903,-4.95725967068442,2.92150897651891,-2.22242809712409,0.914536161989409,-0.487375917506679,0.231353262687043,-2.61850716724834,2.08106893852795,-91.3283062874948,49.4987750788147,1.00441616463986e-08,5.547104621689e-08,-31.427165646853,17.035040295908,-8.69508563573085,-4.71386667189565,-11.4325874349421,14.675985989359,7.15984919647793,-7.49690699376531
"delta_home_jobtype12_professional",1.55485350075337,0.365033202092866,-12.4362362790937,49.4987750595007,-175.187962327226,1.78667228963638,-8.81143983748497,3.35746361557541,-12.9881257324651,6.18663220005589,-20.9731879209236,4.5554674251791,-18.4113602697212,10.9196757269393,-37.5104976362695,9.10505871458566,-32.2238962712663,23.2323935555371,-76.4936386595496,-7.74771900247696e-17,-4.35646295133809,1.33850075058227,-9.1416439223347,2.18537465712264,-7.63437169304246,14.6510140719722,-46.2797447477482,19.0557329623292,-77.7805322330569,7.88497129176663,-22.2970127241177,20.3169539701024,-74.0927719003205,12.9149099779969,-53.456502101668,7.65931864860431,-31.8151565045566,17.7471198120036,-48.8808226807733,6.0821110487869,-23.8358089266356,4.9382255567352,-24.7524643845794,3.97516318582221,-15.3832244820645,8.78179640769941,-26.2971430562423,2.92150897808954,-6.47035008761313,0.914536166149434,-3.7716290476333,0.231353277478636,-2.13974189492982,2.08106893562716,-4.54849797918019,49.4987750788147,-175.187962366784,9.31900085128192e-12,2.01939465866487e-08,17.0350402874106,-56.0801980591906,-4.71386660163701,1.3476424325438,14.6759859870816,-21.8438135094298,-7.49690727504986,22.643844510627
"delta_temp_jobtype12_administrative",0.256130381669973,-0.311686636484963,1.28469280388925,-39.6883676765816,19.8122209794201,-3.0977120959871,1.48256221524683,-3.70177421407605,1.70219897892861,-3.72541050093643,1.56689006544055,-4.14238905710304,2.35227014159332,-7.24087465890939,3.05526407564926,-10.4619743602332,5.82256068714042,-20.0979378595271,10.7256543709508,-1.80872332170877e-17,3.94294373497173e-10,-1.53034575376106,0.75396161809066,-4.9053509346063,2.69947533736728,-13.1649928261844,6.99258576534173,-6.82505196575838,3.27001432074931,-13.8890841886028,6.94550466315859,-10.5449019613015,4.83604304494308,-16.1218996369562,6.84078899950592,-3.73371396640275,1.64237387400073,-8.81773156948285,5.69633460522768,-6.42029615646919,3.46390890729642,-5.45634375965586,2.18986744769791,-1.96696782532165,0.857507856071294,-3.73035720689469,2.46605432763807,-1.47122316085877,0.690247773235974,-2.05901834753392,0.795023308917401,-0.347569258396336,0.128543926311097,-1.36707587416387,0.902580213179486,1.00441616463986e-08,9.31900085128192e-12,-39.6883676737513,19.8122209967333,-19.6011352514202,9.90577796620972,-0.707826875266116,-2.40638610847827,-2.96486963968551,4.9407687553515,-3.79519371713681,0.631402118136081
"delta_home_jobtype12_administrative",0.736525286550609,0.155190063597573,-4.99315904130995,19.8122209940591,-76.5073943018478,1.48256221599193,-6.63499619422651,1.70219908553564,-7.45384311159384,1.56689011132765,-6.46295358593906,2.35227017562586,-9.46112336287058,3.05526598387468,-11.3200732993651,5.82256064843381,-19.1345371933718,10.7256544042035,-35.2547826675643,-9.96988717155483e-18,-4.28087304161684,0.753961653356902,-7.35912859775117,2.69947560049932,-8.98039310648613,6.99258580426848,-24.3304022330429,3.27001433604931,-17.2254495398397,6.9455047062037,-22.9467946294973,4.83604334668967,-20.2902962957495,6.84078902019546,-29.235307699885,1.6423743330693,-6.70915115960044,5.69633460446336,-18.6270839600581,3.46390891602734,-13.3240364590887,2.18986743220412,-11.2404368298525,0.857507869599288,-2.60609258055325,2.46605440553647,-8.38033968342668,0.69024777943345,-1.29469319865044,0.795023335978178,-3.42811622090163,0.128543958865916,-1.11623175645933,0.902580245448042,-2.51398220966237,5.547104621689e-08,2.01939465866487e-08,19.8122209967333,-76.5073944433803,9.90577801070997,-33.1338964591762,-2.40638607107644,6.77901481712884,4.94076877912373,-8.69508549891944,0.631402189043923,0.999847898137677
"delta_temp_homeownership_nonown",0.343814098552583,-0.511710845193518,1.95236205640967,-56.2640821997825,29.0576381608833,-5.88599075674681,2.75603581171727,-8.11816854006329,3.60986584118,-5.67930623067622,2.9860436776752,-8.76915893852932,4.46766523921633,-9.25789266606152,4.89447732993515,-9.55386840760318,5.86956978425827,-19.2346892430294,10.6772374007288,-3.99290318485637e-17,-6.03707572370624e-15,-2.27523461112566,1.13989196446326,-8.10984098002085,3.84083283262652,-13.1352848760799,7.5941541728311,-9.85468781709744,5.55946786116989,-16.4139571651268,7.80520899583902,-17.2461559706009,8.63699052623015,-19.678831846274,8.93329913011349,-11.0952758119466,5.29919958886384,-12.5353981599124,8.28775342624067,-5.56142944829871,3.07058453149362,-5.05978320526636,2.45705396280715,-4.69834786027881,2.30330823419482,-3.53132920434896,2.39381472746255,-3.22987658512274,1.61725488939866,-1.78021230788172,0.670380758193874,-0.149398207264262,0.0563497202856703,-1.24910136813908,0.908391394353408,-31.427165646853,17.0350402874106,-19.6011352514202,9.90577801070997,-56.2640822174627,29.0576381447503,-9.23250041970206,-0.466755074897061,0.789374538576871,5.35392594525326,-3.83058742060499,-0.0326827045306901
"delta_home_homeownership_nonown",0.839983669971919,0.247676114027949,-6.31185792759008,29.0576381407169,-95.5048313296057,2.75603580696405,-11.9556263025522,3.60986585456023,-14.2557846206584,2.98604361221961,-8.36787063731345,4.46766526270996,-17.3313060422892,4.89447767240396,-13.995500424494,5.86956970430484,-17.0688132364497,10.6772373832579,-30.6015128174914,7.00900014679882e-18,-1.58892913837669,1.13989195055638,-4.93779113173931,3.84083284438379,-13.2839592924165,7.5941541767418,-19.9595030518702,5.55946786310962,-22.2042033830505,7.80520894869731,-23.7619755354537,8.63699042877315,-29.111180521699,8.93329909838938,-31.5749493235016,5.29920001229342,-20.8553697205973,8.28775341538031,-20.7686061747844,3.07058450790386,-11.0300039118754,2.45705389306785,-10.006570976966,2.30330826141853,-7.74383470088163,2.39381474204219,-6.13274090902879,1.61725488145369,-3.68731381798051,0.670380770341546,-2.76292954191497,0.0563497270077553,-0.454089091462422,0.90839138704555,-1.98585577644094,17.035040295908,-56.0801980591906,9.90577796620972,-33.1338964591762,29.0576381447503,-95.5048313180924,-0.466755473903013,-3.96400314807451,5.35392595423348,-4.25145463863051,-0.0326826378332506,-0.337375084409366
"delta_temp_factor_score_1",0.559642276698712,-0.282863669368525,-1.73696190332237,-16.662725876637,-5.99076539370674,-4.55875871894353,1.64633591949838,-6.31839929817988,2.33620587910956,-2.07130839166483,-1.39250768760823,-1.02378658554974,-1.28906292785332,-8.15065684745447,0.163632139539873,4.49144971428242,-5.43213721267644,4.8627954493937,-9.07645886859511,-2.55607665691627e-18,-4.25656913203526e-14,-1.06675441045689,0.332747152952243,-3.21214884614896,0.724375993483443,-3.68083352129956,-2.34642037632179,-2.48911867011189,-2.7818950421752,-4.11970153513721,-1.67532129513001,-5.79700957867969,-1.56789775435255,-19.8832647589324,4.12793933942041,-4.0157362446261,0.624456869962993,10.8502427587473,-9.93010210445302,0.661008405641897,-1.29348115441648,-2.96756951556007,-0.734071725515757,-3.51373915589487,1.13981911904144,4.92487718501689,-4.43004283598739,-2.91263655640329,0.352413147807195,-1.04695437092472,0.0645359912722452,0.192309716054417,-0.0851094525960458,4.05821428373359,-3.34069073637317,-8.69508563573085,-4.71386660163701,-0.707826875266116,-2.40638607107644,-9.23250041970206,-0.466755473903013,-144.13085408514,71.0087611569221,73.4724883043899,-36.7735576175144,-37.9637560181072,20.0936098224374
"delta_home_factor_score_1",0.690363847098542,0.00637320228907776,4.63362229711736,-5.99076523748841,3.33578272714856,1.64633605920224,-8.42329529989644,2.3362058986434,-10.3878520797533,-1.39250760532493,2.6553988064172,-1.28906219235153,2.16302372953308,0.163633008397947,-4.13821619729998,-5.4321375036509,12.9712370550571,-9.07645873816029,20.698182974909,-2.12955787829742e-16,2.63094134521442,0.332747266864039,1.01253529230772,0.724376389467489,-2.77020569483703,-2.34642040150424,3.11077547432815,-2.78189497395724,3.35330966931358,-1.67532012585583,1.85093369145841,-1.56789750631233,0.336869682609417,4.12793950534195,-17.7983099793815,0.624457171951314,-1.10345715826507,-9.9301020512395,22.6186158483609,-1.29348103130374,4.1748605613979,-0.734071686428513,-1.51136391849172,1.13982064451682,-3.76784821890011,-4.43004255544495,10.0854717707474,0.352413397201118,-0.913947484444674,0.0645363033686351,-0.535585491144267,-0.0851092387355444,0.519859543657553,-3.34069062286786,7.46150373722241,-4.71386667189565,1.3476424325438,-2.40638610847827,6.77901481712884,-0.466755074897061,-3.96400314807451,71.0087611569221,-241.918212717639,-36.7735576225745,123.476971889335,20.0936091094067,-65.1460976785493
"delta_temp_factor_score_2",-0.348467404626023,-0.153226959213867,2.52784401900593,-12.2018579233594,20.8465508286139,0.932336828732893,-0.0890126315153076,2.39019815960839,-0.313859834154626,-6.60209551633371,5.629316142315,-1.92047058766827,2.89420221153925,-9.50237709159255,7.65134086753294,-4.35882149709762,6.1122154140344,-6.32820924834891,10.4365877074593,8.82891213153429e-17,-4.41149068150154e-10,2.20498720006334,-1.00114931207334,2.33341437667524,0.107105378189962,-4.68548791342182,7.22058336496315,-7.69902541515573,7.06002808895467,5.84559642345176,1.40942468424015,-7.66902505777178,8.39809999586916,0.839932491938127,3.85282090005055,-2.54438168608837,2.3162013832928,-15.6898591047094,13.9468976202237,-0.727651758204213,1.67840649696833,-2.59374795148943,2.83467654681954,-1.16104943832388,1.12649771753958,-8.28996220105156,6.763820335521,4.12987514403054,-1.01691951928468,-0.232246265348609,0.504715163571051,0.176343443762378,-0.0621299063890421,-3.96046316482991,3.47926565411916,-11.4325874349421,14.6759859870816,-2.96486963968551,4.94076877912373,0.789374538576871,5.35392595423348,73.4724883043899,-36.7735576225745,-122.959766821109,61.7561238382866,48.8055219905069,-25.2773147377663
"delta_home_factor_score_2",-0.513195426826455,0.215195294368885,-6.10585372892341,20.8465507943193,-30.6788354592424,-0.0890126264253689,3.88299133850333,-0.31385983188581,5.70135528530332,5.62931617345593,-13.0017794760226,2.89420222913085,-6.93803129021214,7.6513411298615,-17.7535840630283,6.11221537921773,-8.69277133680126,10.4365877147234,-16.577668638064,5.16311128968194e-16,0.0496481425324412,-1.00114928332991,4.6949052368486,0.107105428019023,3.25527889975792,7.22058337378311,-6.38468052483153,7.06002809575487,-16.0270944828282,1.40942463243767,4.73856752707141,8.39810004363272,-15.9694482151612,3.85282089471081,-2.78769348958038,2.31620149515211,-6.8708562440172,13.9468976177735,-26.6237091891977,1.67840648239819,-2.11591163530402,2.83467655074416,-5.13829120669076,1.12649772298664,-2.10277200444358,6.76382036435173,-14.3712610989544,-1.01691953379711,2.67178410763072,0.504715173131503,-0.603499333295588,-0.0621298934063842,0.591964505887307,3.4792656561045,-6.73520696985993,14.675985989359,-21.8438135094298,4.9407687553515,-8.69508549891944,5.35392594525326,-4.25145463863051,-36.7735576175144,123.476971889335,61.7561238382866,-217.314334704617,-25.2773148494443,81.166487006818
"delta_temp_factor_score_3",0.139587324556462,-0.144331817620127,-1.12782579040127,2.16621047608044,-7.16570046059406,-2.25512158876011,1.06893849171604,-4.99002534827609,2.10102356188819,-1.52909137436584,-0.718177577235471,2.55727605591337,-1.7468625887751,-1.11303405625589,-1.50652270453883,1.55424571710001,-2.64630858154615,6.78996325388039,-6.25167036117157,8.35633253244128e-19,-3.14904623051144e-13,-0.865213137575062,0.302287019734702,-5.60491303041049,2.80559456551715,0.838947164943141,-2.50797736595481,13.4011972520752,-8.12890219964603,-11.5173526719775,3.75512453099859,7.96906345393057,-5.18239683991636,-3.34210182926602,-0.239782616776272,2.21411300731619,-1.50190556959654,5.08075545996474,-4.81294318031845,1.10905416168432,-0.863816975015692,2.87089190454403,-1.82423950720454,0.935846964877505,-0.67576138263435,4.21755821409798,-3.18241736993407,-1.4332964673986,0.0780565920814524,-0.172378561888082,-0.0828010494691181,0.291503455270786,-0.121590525726762,1.89260943708383,-1.69697459824727,7.15984919647793,-7.49690727504986,-3.79519371713681,0.631402189043923,-3.83058742060499,-0.0326826378332506,-37.9637560181072,20.0936091094067,48.8055219905069,-25.2773148494443,-139.758140411661,69.3859484953242
"delta_home_factor_score_3",-0.027194921193448,-0.00798062745618192,3.42830915843967,-7.16570033194948,23.2249195073019,1.06893859794052,-4.63084630304191,2.10102429202283,-8.58262395084463,-0.718176674353875,0.123641367186216,-1.74686231307407,5.66732620061834,-1.50651243363775,3.13213541499876,-2.64630848793777,8.14787852569587,-6.25167026092968,20.8816467224098,1.11771357586224e-17,2.82476983386712,0.302287436908872,1.91543720570403,2.80559671903368,-7.83516300091186,-2.50797701866348,3.86218475155243,-8.12890199446309,31.0227699278847,3.75512356492816,-13.2351654981354,-5.18239700071335,21.7335845120463,-0.239782635572102,5.0205205427967,-1.50189978409888,6.64827297694215,-4.81294324199386,9.30883853510542,-0.863817211736531,3.89135245106081,-1.82423957966778,7.51589367817982,-0.675761138649737,1.87823691391688,-3.18241679715231,7.08388040603799,0.0780565179016653,-0.320198576603996,-0.0828008414208611,1.02583373892949,-0.121590196117435,1.15393756590195,-1.69697464878781,3.05475595384388,-7.49690699376531,22.643844510627,0.631402118136081,0.999847898137677,-0.0326827045306901,-0.337375084409366,20.0936098224374,-65.1460976785493,-25.2773147377663,81.166487006818,69.3859484953242,-255.105714919678
