"gamma_prim","gamma_temp","gamma_home","delta_temp","delta_home","delta_temp_agk_18_29_woman","delta_home_agk_18_29_woman","delta_temp_agk_18_29","delta_home_agk_18_29","delta_temp_agk_30_44_woman_kids","delta_home_agk_30_44_woman_kids","delta_temp_agk_30_44_woman_nokids","delta_home_agk_30_44_woman_nokids","delta_temp_agk_30_44_kids","delta_home_agk_30_44_kids","delta_temp_agk_45_64_woman","delta_home_agk_45_64_woman","delta_temp_agk_45_64","delta_home_agk_45_64","delta_temp_agk_65plus_woman","delta_home_agk_65plus_woman","delta_temp_agk_65plus","delta_home_agk_65plus","delta_temp_income_50minus","delta_home_income_50minus","delta_temp_income_100_149","delta_home_income_100_149","delta_temp_income_150plus","delta_home_income_150plus","delta_temp_education_highschool","delta_home_education_highschool","delta_temp_education_graduate","delta_home_education_graduate","delta_temp_impgender_20_39","delta_home_impgender_20_39","delta_temp_impgender_40_59","delta_home_impgender_40_59","delta_temp_impgender_60plus","delta_home_impgender_60plus","delta_temp_impgender_20_39_woman","delta_home_impgender_20_39_woman","delta_temp_impgender_40_59_woman","delta_home_impgender_40_59_woman","delta_temp_impgender_60plus_woman","delta_home_impgender_60plus_woman","delta_temp_jobtype12_professional","delta_home_jobtype12_professional","delta_temp_jobtype12_administrative","delta_home_jobtype12_administrative","delta_temp_commute_noncar","delta_home_commute_noncar","delta_temp_neighborhood_suburban","delta_home_neighborhood_suburban","delta_temp_neighborhood_town_rural","delta_home_neighborhood_town_rural","delta_temp_homeownership_nonown","delta_home_homeownership_nonown","delta_temp_factor_score_1","delta_home_factor_score_1","delta_temp_factor_score_2","delta_home_factor_score_2","delta_temp_factor_score_3","delta_home_factor_score_3","logLike"
1,1,1,0,0,0,0,0,0,0,0,0,0,0,0,0,0,0,0,0,0,0,0,0,0,0,0,0,0,0,0,0,0,0,0,0,0,0,0,0,0,0,0,0,0,0,0,0,0,0,0,0,0,0,0,0,0,0,0,0,0,0,0,-4750.59083330349
1.09368635037161,1.08927841876841,1.07782722380612,-0.0220747425708388,0.0285674510816191,-0.0187013440784189,0.063142034498901,-0.0155545950101972,0.0375632049341769,-0.0192683048822359,0.0202116104003415,-0.0218773331901254,0.0400521844894149,-0.0186195299129097,0.0161591609922467,-0.0221756718198135,0.0418076756240164,-0.0217847742037295,0.0236879127163928,-0.0297891508272788,0.0611032305826502,-0.0267207161161686,0.0250117411315104,-0.00343900750584961,0.00039302687880274,-0.0189813724363385,0.0406597156528963,-0.0262871722438591,0.0402628860256134,0.0170986949644146,0.00711460608595106,-0.0246508710489422,0.0376143565442808,-0.0224031236799803,0.0139114795708726,-0.0277938603171801,0.0335723975117111,-0.0147773944902208,0.0442226787555123,-0.0201362847759945,0.0365517418849363,-0.025458004770295,0.0287807638851964,-0.0147176328273712,0.060293895276046,-0.023412263070599,0.0399935878080682,-0.0263347714071019,0.0307200994362335,-0.0134573735405977,0.0314992942784685,-0.0237364774824915,0.0365157035462378,-0.0217801694084424,0.0200139052719407,-0.0182950282830545,0.0299973287808932,-0.00452459828818831,0.028905480692138,-0.000923665071930389,-0.0209298021395364,0.00580228051674499,0.00180311049197158,-4530.7220803624
1.81301489415564,1.59060092299828,1.39059536792459,-0.0318296981090775,0.0634301740678752,-0.0452919468274885,0.294249303298945,-0.0308623277614171,-0.136436865331191,-0.081052784626647,-0.0794336556349287,-0.0902806763656254,-0.0291723920877349,-0.0077617852845379,0.0271645861031002,-0.0490299004041112,0.0471249438394843,-0.0419365695496509,-0.0137720154777583,-0.0282875258719852,0.290540574880303,-0.0394370244152837,-0.00164106553861036,-0.0135431295503713,-0.0590955612868097,0.0296937300794423,0.146551035973975,-0.0162152330076714,0.133185467451921,0.151120292995781,0.137839848221152,-0.046294786210263,0.0613223417201511,-0.0433712951538073,-0.0214730516503234,-0.0997041907949292,-0.0604006407371395,0.0192873718793367,0.138560040202369,-0.0132258431683614,0.00821710685937153,-0.126879627595555,-0.230498656870422,0.0478085840733776,0.207728979657062,-0.0424566621077197,0.104604187334386,-0.0734681495503555,0.0784447382142374,0.0545294835190051,0.143481284631506,-0.0112958064371588,0.0593640578303264,-0.0391172085689179,-0.0271933789008172,-0.00566500111924517,0.0760251875621178,0.016884808302655,0.110118142418768,-0.0488169794411284,-0.093912579403406,0.0268626183397428,0.0414955144777161,-4193.13733527721
2.53663462281499,3.7794481564243,2.17654419947689,-0.205092179475524,0.100981906924769,-0.130585727445288,0.885112517472293,-0.0547801524296462,-0.287593878085532,-0.246524801213908,-0.310159479002015,-0.214349774308499,0.0217503537246841,-0.0909186296445788,-0.083312454773247,-0.144298070530377,0.0899768394583842,-0.165867000249979,-0.0982726185387952,-0.290081074705055,0.493025692240386,-0.204826140454784,-0.185774875742088,0.0235157301486734,-0.311994472875641,0.0365872130242666,0.416153720117628,-0.162725135055898,0.285924875354243,0.523816283160353,0.44680365311534,-0.202100666230555,0.0442126121366966,-0.214200110371991,-0.237907558771052,-0.336812264501546,-0.231422519246253,0.0896964675339236,0.427311354670922,0.0243641347398348,0.153029156321913,-0.345252862913361,-0.670818361560441,0.127879088169915,0.645729990640102,-0.203169318838537,0.334558341510232,-0.360204981474289,0.152639003457939,0.189313828827116,0.439984193604882,-0.142468434090469,0.129178216590033,-0.201049699106739,-0.118323659862382,-0.0315929589047345,0.208506708952435,0.0995946872696136,0.420218259113042,-0.181988771709493,-0.347257412605024,0.0984923962954368,0.172463562547294,-3602.37654378055
4.44522627410941,7.74540801665857,2.54423847723344,-0.274810370106744,0.191426354780932,-0.155065831938496,0.657270342249792,-0.0969716262522294,-0.532083824870214,-0.355902972022617,-0.415457244412852,-0.32052451377185,0.146650464185642,-0.0596609851010932,-0.171674998222004,-0.326031633151953,0.0623159605699216,-0.119961592144824,-0.201019783459641,-1.30258004593723,-0.89861103318842,-0.179630589800369,-0.190642958548377,0.0885824909087951,-0.130011099630881,0.0781584021643275,0.535601949100346,-0.331661780111108,0.433406905793989,0.994019310788906,0.522769322786026,-0.336298567977902,-0.15946216084617,-0.502960965916244,-0.579455101097879,-0.552045997442456,-0.17003827081134,0.15460256627078,0.44332884148719,0.16042865199349,0.45386656197345,-0.474624145105604,-0.502542032705603,0.417532966782032,-0.10735103809911,-0.411910830754275,0.403834368024674,-0.669839976076415,0.138916645955868,0.329422501563803,0.560915084850618,-0.295201487001847,0.166501872589042,-0.416545440364722,-0.111729102867363,0.0732491391969766,0.278000668535578,0.146303011860909,0.535130666836705,-0.244042816289871,-0.488416191830542,0.22558929092516,0.312753115180773,-3383.41104539287
6.66781072545363,7.65916657529856,2.8776527380051,-0.0412936334600267,1.07431932753572,-0.625516938244062,0.844853105020671,0.139473940046646,-1.05913963347659,-0.531032872737898,-0.155972021380224,-0.57204005110118,-0.343892220621097,0.227301415760796,-0.798048562127531,-0.868729540779304,-0.0809954759435368,0.370744567011072,-0.555346869948659,-2.1655710461694,0.996121269340134,0.11595258975258,-0.56821921029932,0.387230053095553,-0.131890372127028,-0.00800937185026587,0.385310787866369,-0.579248625961226,0.492073374859126,1.14753669224051,0.754326061798136,-0.0753983810896959,-0.295838199986537,-0.872887661128813,-0.848637537525348,-1.10434117232261,-0.305807988184755,0.0583882469125348,0.103252297738069,0.657198677242515,0.782151560552172,0.22084995317467,-0.0145228774695098,0.674018786387308,0.485986510120525,-0.812947049579301,0.306136943048565,-1.0940903548743,0.0759580841701657,0.340600023797758,0.473647344399119,-0.506544766525112,-0.153182168443644,-0.621401611327134,-0.254151161831536,0.238164968774666,0.0892303776068132,0.230460647135439,0.621360155383153,-0.0299403002517596,-0.279465623827479,0.308998660515675,0.305099325675952,-3343.23175085634
6.19830171581991,12.2684098046009,2.49338575188617,0.138211988170491,0.79743234124889,-0.425541016102928,0.858697888859527,-0.0289979684519807,-1.36992416629964,-0.552169736277906,-0.17279007050076,-0.448110160714782,-0.385021496869596,0.29350932627177,-0.737823555572988,-0.656936589917037,-0.140143749545363,0.357388637145291,-0.430272194430579,-4.47762277112385,0.670249164513503,0.193076472838598,-0.427577091160461,0.561308646623414,-0.0572259153625258,-0.0382178439951785,0.410139426763876,-0.431648017789805,0.360033668576103,1.02517620117274,0.727112305148681,0.00877618507424709,-0.191560038642125,-0.618420586466113,-0.507063960581182,-0.826441142676091,-0.327081894304963,0.158129515036314,-0.0381234642921293,0.524322512118706,0.481799481622281,0.389854569876918,0.0214472679697049,0.353365493621224,0.443227443777198,-0.920014423624387,0.270572095226568,-1.14915612553567,0.0642406093634594,0.160105094162757,0.392702557952119,-0.692554618265989,-0.0152564764715344,-0.798028747816147,-0.0952803751838845,0.189145298101639,0.171769043023538,0.153164703987355,0.509298085191959,0.0392072736430478,-0.193663144761485,0.232316866382739,0.210287367922127,-3335.020662652
6.77861677869521,9.15795083888795,2.87223112718592,0.219979042468399,0.779476884926961,-0.559303171184704,0.939726773055726,0.0608752269374633,-1.15321756728725,-0.687667684853358,-0.262721961875502,-0.505574672760988,-0.426885413277001,0.471649046893609,-0.604830657845951,-0.808387306503124,-0.138428115800788,0.479148964806197,-0.468231785149864,-6.2364797944437,-0.670315731708814,0.241496799747512,-0.429668806834553,0.624550545052566,-0.130803186917888,-0.0730788405181394,0.464674054524615,-0.454371150022135,0.341539443348062,1.04919395766573,0.656701043458897,0.0716537505049286,-0.233854999142214,-0.761393723469463,-0.586195189573161,-1.08544237598536,-0.461472251710568,0.0549455644655763,-0.12451871657071,0.74246326929468,0.544000985913593,0.462487067011449,-0.0354799331139405,0.361565806163396,0.642325644678694,-1.03246541113954,0.34336395335132,-1.33854893567577,0.0904823893674151,0.195762576697795,0.446351048121836,-0.788210273649263,0.0427135692135428,-0.902610101879518,-0.139042040311136,0.274277843968258,0.170200832674447,0.205018128929008,0.524730359627772,0.0486406890974884,-0.23401590150257,0.273747216145169,0.233579477950579,-3328.16593814236
6.96496662729119,10.3372141231829,2.77262884232433,-0.0345284585527865,0.797335539063012,-0.557573727425501,0.59399712781282,0.0667517204570534,-0.909900160961275,-0.631799497946713,-0.334950846694057,-0.50669195231107,-0.418370521014005,0.453966918386567,-0.571865797865049,-0.80517630239373,-0.110218782076182,0.451989461416756,-0.507581687781065,-4.17569872030973,-0.0963672216014647,0.207441255338276,-0.49038776849183,0.644689765776398,-0.115026368206058,-0.0267906352014819,0.359992240748809,-0.460414153715183,0.436748012270261,1.05637812640276,0.610612087018031,0.00679295593301379,-0.259230986827187,-0.86520771706188,-0.692214263108472,-1.10270627310803,-0.419461019865552,0.00663091535505634,-0.0108606653607913,0.740072271988653,0.630995208790495,0.403787151171761,0.190885859474006,0.344930059039031,0.380702280891878,-0.885760263148379,0.384075084985614,-1.1964312197428,0.186470638591603,0.242084469582892,0.475357494116732,-0.595368592526981,-0.00347489524155205,-0.676416495518897,-0.114190667783734,0.313747366904819,0.101354915308779,0.198296662548362,0.523072252589395,0.0141042627706855,-0.270391247402405,0.288324548951912,0.247597629885492,-3320.27555695499
7.37634801625845,10.7225384914586,2.76811941921512,0.0153730457860454,0.844234950119088,-0.625309842263005,0.755052284095017,0.07354440287738,-1.0479394099528,-0.684304925094853,-0.446104645633185,-0.558504813026046,-0.399761292016143,0.442849617831502,-0.503588771623542,-0.841405582971189,-0.138855487293212,0.434034925460328,-0.460121011141487,-3.19598848384082,0.112462846864488,0.19103814713162,-0.391816550032695,0.610058397951734,-0.103835514761752,-0.0408066031550669,0.423830893791183,-0.473990441803898,0.437001396113302,1.0505204634863,0.796635886726553,0.0192399452323248,-0.188609283389991,-0.855714474795754,-0.69936855445108,-1.13472174096414,-0.448158688286997,-0.0604978645487967,-0.0939352061735872,0.753038192563595,0.702553678637462,0.33992885849117,0.048995418895194,0.417535023514632,0.277644622367539,-0.882351155510538,0.35362469649903,-1.18027833729582,0.139912560277407,0.240099968167275,0.442155379382038,-0.581249771102765,-0.00649603437235817,-0.64169045476642,-0.126424192875911,0.290660468978398,0.108101015219687,0.183973005227255,0.547667200012229,0.0014059839972362,-0.244789634755491,0.291808023039824,0.259234050735223,-3318.59362963821
7.63766504590365,10.9997887598059,2.69372210985998,0.0625629506490091,0.945459278407021,-0.607798225538317,0.581537570682096,0.0691462790684369,-0.924013070309721,-0.705221042921717,-0.469354681717679,-0.590689755521151,-0.454401518541761,0.44228913050791,-0.492442155138238,-0.847435564307601,-0.135875598371369,0.413471526555874,-0.464382688046313,-3.04638329325614,-0.0202798208724291,0.154259076098582,-0.391536405670332,0.58815952500182,-0.143770980629848,-0.0509375133155123,0.377785212623098,-0.465735843833881,0.448958447500408,1.033344732366,0.724338462255199,0.0429644461695357,-0.164148795615538,-0.873704117007918,-0.714449265056973,-1.13030719518879,-0.463174779449491,-0.0737020787299407,-0.105438640737039,0.782603443180584,0.73593864092776,0.35543184139014,0.126961078441134,0.355081336487606,0.370313388961791,-0.876097629817402,0.312579546661653,-1.17307021224177,0.115238783886695,0.246674030984681,0.430079543494427,-0.586454294152783,-0.0337172709203607,-0.636851049589417,-0.135106638208352,0.280613966074252,0.105657327049221,0.182717313250404,0.550022612119859,0.00163858630948549,-0.239840730344442,0.291645801075031,0.254793361126707,-3317.48617542265
8.11649654987934,11.2936211567715,2.72303296021401,0.146076955813539,0.982583889568522,-0.628767759309635,0.539985516183546,0.0870755456899145,-0.852188797725342,-0.736593096666555,-0.463455828942916,-0.596090707869449,-0.438851980290558,0.463072957585173,-0.473749955799103,-0.848363743194881,-0.1348052771187,0.40109916937104,-0.484070848637311,-3.12241402608635,-0.189878149257859,0.133988289058977,-0.403763268924216,0.58281240502638,-0.159987642079424,-0.0677974128607263,0.37404715929093,-0.458230792276577,0.460374545399938,0.987372425232581,0.653452885567642,0.0509201366690783,-0.18620482688428,-0.890769378671642,-0.701636746953749,-1.15183072977397,-0.459038712521092,-0.0941665969461573,-0.0997219738122237,0.798396719924336,0.702316355681802,0.404083850109146,0.160959006322581,0.312727687682581,0.331387431187591,-0.892901320077614,0.309456701921212,-1.20047758539796,0.120536500342396,0.246597683175967,0.44255570407734,-0.595252831957632,-0.0233998498334766,-0.63798147280763,-0.118161702461964,0.272164415327607,0.100195584506474,0.186106822292915,0.534648334181709,0.00195010985813885,-0.258047107606118,0.292698730876807,0.249908079772579,-3316.43338184479
8.96249245665996,11.4689756903537,2.72606720567926,0.207060096902453,0.999610938834173,-0.663805489018657,0.539438591130282,0.100743655349922,-0.870766761350181,-0.778851188571874,-0.478482262825643,-0.619204606814007,-0.435426932593335,0.481077414230479,-0.453027318408845,-0.869481756792267,-0.139955642938785,0.403671430128105,-0.469766655966777,-3.08276575726312,-0.210819432484783,0.124628706129971,-0.382492694890518,0.567928835288874,-0.151182405545963,-0.0685021478554595,0.380412932260074,-0.451771051297254,0.444199358411201,0.989132852400109,0.666441293676738,0.0496195774348723,-0.182127765992803,-0.89556916907575,-0.696999849215992,-1.17689776039065,-0.478795891216521,-0.123223493301957,-0.114629905926593,0.828896015697529,0.696780330575237,0.424408043683215,0.158789382151526,0.338934980087895,0.3461024094512,-0.893973871432493,0.326663263444037,-1.20448918373895,0.137843145674049,0.24961911514572,0.43826938993418,-0.595636834898541,0.00701697569029754,-0.635021522630241,-0.0967696857549356,0.267816815339892,0.0936762567949604,0.183492047314849,0.53085119229491,-0.00252761487677157,-0.260598827712251,0.290649149354678,0.245953369963474,-3315.71170596157
9.46434625682504,11.583536604357,2.73795685774555,0.217504964747369,1.0197122540263,-0.660427740672584,0.622850373853665,0.1074649852655,-0.895369464900971,-0.752922979771458,-0.461879391979504,-0.59623565466219,-0.412698363507146,0.472921672414597,-0.46055807984357,-0.851208334418087,-0.136097031044709,0.40389677395648,-0.469869597220091,-3.14646182228693,-0.135212716135933,0.135646735224356,-0.386501173292368,0.542109602128159,-0.181641588686766,-0.0605412486757177,0.390504844733636,-0.445920566052172,0.455370594179874,0.975973295254112,0.660872959448518,0.0356194665996805,-0.19172179060161,-0.896856452681346,-0.697935472569989,-1.16102575534729,-0.453227253061361,-0.123648318567112,-0.106732944686601,0.820043396808107,0.698421666007444,0.396488949042116,0.124429523367056,0.371346789549122,0.294735261509625,-0.880274213911148,0.328413599843231,-1.19603836455958,0.139582842053378,0.24011085059677,0.43765229760464,-0.581852803153425,0.00978971453862265,-0.621018385070211,-0.0992031927558138,0.268463025797478,0.108001180576376,0.179739298417736,0.515296284091591,-0.0056331378103453,-0.263677607832458,0.287122638754904,0.24448310450679,-3315.53248176292
9.59273989288461,11.5200319339295,2.71640434629882,0.212908957423841,1.03045576885929,-0.651661464168462,0.597147751390636,0.103188737236755,-0.912788153034943,-0.75171417341524,-0.464627011885282,-0.592916622085469,-0.427454187447196,0.465911595003082,-0.467422112264119,-0.858297593188242,-0.147174155040867,0.403860884650165,-0.461773256932899,-3.24453229641162,-0.209869156735143,0.140273622305304,-0.382570553721333,0.539558033281031,-0.177207927153456,-0.0544789898936594,0.389613473506002,-0.441908119948719,0.448261304749187,0.984653719021817,0.686016679280769,0.0256968758131824,-0.1936041059142,-0.905105991315828,-0.710833824749344,-1.14949098954075,-0.453959452154285,-0.125822185999437,-0.10383517775531,0.84115092714082,0.721850249221485,0.376007379681716,0.126728820732707,0.390750723429638,0.337767803699962,-0.863889725852542,0.340344824996085,-1.18116367906825,0.140187444677905,0.24328375408323,0.43956227867124,-0.576820088519487,0.0105966774710562,-0.615363576714464,-0.0966709443543949,0.268166777672669,0.101696068194469,0.179543767407252,0.52388932918648,-0.0101979093938003,-0.259213124887293,0.286602081239877,0.245270578576296,-3315.46362246727
9.57963246233311,11.4776133996244,2.71833949252336,0.209524455323553,1.01989044756952,-0.655052345787277,0.571731479735423,0.103460677547141,-0.887704371971126,-0.74477206212156,-0.461884420467228,-0.596142783921802,-0.425018938317852,0.457030512802817,-0.466641762951105,-0.859124776093723,-0.142621271205711,0.400968939075683,-0.462508737400391,-3.23648540417101,-0.169672505743711,0.131788708361123,-0.395023792043984,0.541684907233056,-0.17612343980596,-0.0545955321803314,0.387183933656319,-0.445332279898111,0.445957432180507,0.986056334426247,0.661305997351786,0.0215720362669056,-0.194467099544625,-0.897287045912375,-0.700532959300125,-1.14664046689423,-0.453419271590074,-0.11638173448928,-0.0979015276266452,0.834505146609789,0.71214274096679,0.380624666386612,0.13234959528665,0.387322191452495,0.345222701174003,-0.855927059126153,0.341613669992589,-1.17240131747116,0.147476628316835,0.243764296832975,0.43488961709931,-0.57517264594397,0.0169857379533959,-0.616751509133435,-0.0915146213845437,0.270282753411104,0.106589124405218,0.178853240522223,0.521604955942812,-0.00833468114166594,-0.26074070771998,0.285649238791212,0.244350781583109,-3315.45663187678
9.54540435075468,11.4880978854711,2.72283483766747,0.207258472415491,1.01664079096194,-0.651404491838031,0.594263535012716,0.0987546310999228,-0.904510761912763,-0.740986382322109,-0.45933134340746,-0.594904884689994,-0.420500956208014,0.453891998162861,-0.467237528071691,-0.858255728790781,-0.143539485372443,0.400743975278802,-0.462259022000551,-3.24673637479621,-0.182042107263141,0.136929277919579,-0.394143805353659,0.54215341580051,-0.174620394710424,-0.0531594511936129,0.389339818545142,-0.444650236728089,0.44716474399937,0.980444107394908,0.670873080560367,0.0201738033843158,-0.194217629741472,-0.896474697339066,-0.698497186008106,-1.14635259523202,-0.452366469685515,-0.115961971763989,-0.0982029513601961,0.831963404182685,0.709299852456914,0.379446647857794,0.127454972288353,0.392619350585229,0.338806449384224,-0.856190260050352,0.340881102419886,-1.17262164378067,0.146575711559183,0.243518796917833,0.435172944406394,-0.574077858288524,0.0152011135095588,-0.616828839751921,-0.0941128396704593,0.270242944286603,0.107051555877166,0.179170939379651,0.521025042281749,-0.00751740500834505,-0.260910631455038,0.286041257222842,0.244937804293905,-3315.45155747175
9.53932500809719,11.4906187449757,2.72622352081807,0.20452547034119,1.01915387497921,-0.651557705814618,0.592185915747291,0.100294015015027,-0.901405082071112,-0.739618247448345,-0.457506357623968,-0.593562264064459,-0.422922003141577,0.453385417031842,-0.469480935499409,-0.858418698087542,-0.145021783389209,0.400780246082213,-0.463812942894019,-3.25144354582187,-0.181262813515061,0.140971707705731,-0.393895732303749,0.540779289436086,-0.175837186282014,-0.0525017740151119,0.389700840877132,-0.443765492710496,0.448404228304883,0.979791764514226,0.671117387009944,0.0201391705386639,-0.195398581471597,-0.898594454275554,-0.702014794117864,-1.14554234219916,-0.45191115905951,-0.11644926590139,-0.0974466201334376,0.833202828702636,0.712233893303188,0.377574165948652,0.126042047450449,0.395110788982954,0.339989700145676,-0.856246029773378,0.341551154890588,-1.17278428060861,0.144753469941057,0.24451676056587,0.437037468565489,-0.572419506322057,0.0125174047454632,-0.61586329137073,-0.0971325721291899,0.270213686476074,0.106401177568711,0.179256568593404,0.522097254586441,-0.00794818809337512,-0.260228308230375,0.28628053932252,0.245100082366451,-3315.45111283268
9.53997595390442,11.4950267622077,2.72490974044177,0.20538968673758,1.01895844923666,-0.650916328660206,0.590513256349987,0.0998436756445962,-0.902014516908668,-0.740093777461607,-0.459118045239864,-0.593707213931929,-0.423280697982688,0.453013097127619,-0.469327763960921,-0.858672123857411,-0.14483700321914,0.400777070290012,-0.463171471776795,-3.25356845796481,-0.181834393448221,0.140542817807914,-0.394629471278172,0.540365655528829,-0.175859909606588,-0.052584140868875,0.389408364138328,-0.444353885460923,0.44756285213601,0.980854745144,0.670340258677281,0.0197548743705734,-0.194676039804461,-0.89815919251094,-0.702151927103293,-1.14415269398529,-0.451471969074476,-0.116188498065281,-0.0978863366999978,0.833537488713829,0.713642481319778,0.377370338931375,0.128472498444496,0.395861058924729,0.340662410562348,-0.856294788751887,0.340657290699377,-1.17260214864696,0.144946911344007,0.244238905553668,0.436224362828873,-0.572505006381851,0.0135196071831101,-0.616112906845046,-0.0960984724907084,0.270005682177673,0.106713597719835,0.178719695545733,0.521659455087148,-0.00796772855626459,-0.260358824180192,0.286010785663655,0.244987869686199,-3315.45085794315
9.54038303596329,11.4886116238838,2.72537067273048,0.205629137666651,1.01797979371496,-0.650188610416311,0.593391788418213,0.0988719709019866,-0.90333480570124,-0.73959756333246,-0.458589144347856,-0.593750459602474,-0.422547295159182,0.452599962916326,-0.469298486806852,-0.858516262492721,-0.144451149091381,0.400415189616081,-0.463186739292876,-3.25428873262715,-0.18105306136561,0.140541509321051,-0.395287929638302,0.54050978835481,-0.175964237037906,-0.052684937707685,0.389525331910145,-0.444178407891786,0.447553936030333,0.980185235278331,0.670322434340484,0.0195616421022324,-0.194766080995616,-0.897391522908873,-0.701443415457766,-1.14405427834592,-0.451468900539224,-0.116221043709551,-0.0979371140705981,0.832460131825768,0.71249839620692,0.376803065223766,0.127216148513203,0.395360716892721,0.34119489869249,-0.85603988055379,0.34108428634812,-1.17228423444767,0.145574704920857,0.244245182357254,0.436204353799308,-0.572451759729692,0.0140757295962975,-0.616031311389979,-0.095615070738157,0.269890363308865,0.106885946861463,0.178659810417443,0.521535054922734,-0.00796127392388203,-0.260427655066997,0.286059043535559,0.24513956598984,-3315.45082175464
9.5399314107335,11.4900721287979,2.72580060467466,0.205330860446242,1.01781569696574,-0.65014634424159,0.591741435324728,0.0988869085436322,-0.902354231467213,-0.739688262795066,-0.458472636077496,-0.593824019147883,-0.422430571246034,0.452687756817648,-0.469148684546708,-0.858562471444499,-0.144574546597817,0.400409015554284,-0.463157821284548,-3.25419980017241,-0.180614278570456,0.140900924281791,-0.395266403068704,0.540808036456715,-0.175703038174158,-0.0525455787095443,0.389511048631517,-0.443999621732628,0.447616482173876,0.980209885825663,0.670039312826452,0.019491922962283,-0.194782640542889,-0.897438987127678,-0.701441082010059,-1.14423147876838,-0.451472825159272,-0.116296747756034,-0.0977284174942438,0.832475717136005,0.712458377890614,0.376849946321138,0.127164730920214,0.395661740958657,0.340594060762445,-0.85597058959648,0.34108008279853,-1.17222154333486,0.145371839898564,0.244385087773375,0.436344618746853,-0.572335216921126,0.0139517781657929,-0.616025793806111,-0.0957862366249226,0.269984775988514,0.106902773529383,0.178678306376426,0.521590247233454,-0.0079820590427187,-0.260425192494796,0.286085797643379,0.245113314493057,-3315.45080275215
9.54007170702736,11.4911274374734,2.72583011053391,0.205272252311453,1.01812146071019,-0.650218827251868,0.591972360875889,0.0989348155905095,-0.902588162133245,-0.739885579450846,-0.458710875220929,-0.593909013081316,-0.422797093367342,0.452768905276393,-0.469241862901865,-0.85864829845951,-0.144733190052869,0.400481844894457,-0.463211895586559,-3.25454768505229,-0.180800320173396,0.141286392732619,-0.395345528327848,0.540765929317884,-0.17578780691376,-0.0525181940943482,0.389401490497305,-0.444001351801373,0.44753602810421,0.980254440828993,0.670255792413809,0.0195522247567085,-0.194769509328973,-0.897552632203566,-0.701690558400929,-1.14426507391242,-0.451508445784389,-0.116392897808962,-0.0977894649821308,0.832722399107539,0.712894984225437,0.37719415114063,0.127638858864899,0.395851964155637,0.34088040055157,-0.856054279342609,0.341058759790515,-1.17227267317777,0.145346964139079,0.244362723811112,0.43631845208195,-0.572264950853416,0.0137767658767294,-0.615964922555625,-0.095921613316423,0.269932541682421,0.106830761802675,0.178678278310852,0.521601860433459,-0.00795796665716577,-0.260409219844535,0.286071743094874,0.245077286453551,-3315.45079909389
9.54012612326594,11.4906399787205,2.72594381792787,0.205329820977992,1.01804671275889,-0.650182629718211,0.591925093863847,0.0989400575285426,-0.902524860170086,-0.739884815420003,-0.458681611970019,-0.593896516143016,-0.422797227038104,0.452794871752702,-0.469230423003991,-0.858645621947305,-0.144728562176476,0.400481718477112,-0.463202051557894,-3.25469201766146,-0.180781258991114,0.141377526647602,-0.395402882288738,0.540714835695213,-0.175789501380812,-0.0525326190059117,0.38946564339077,-0.443974540333443,0.44755335478906,0.98032924570086,0.670124507770924,0.0195580030393754,-0.19473888768327,-0.897535767730942,-0.701764068134476,-1.14427424776236,-0.451548296906081,-0.116429399127562,-0.0978639998245782,0.832681753803911,0.712913640627184,0.377110135391055,0.12754619610567,0.395847092633352,0.340888527174108,-0.856088555699057,0.341040963747005,-1.17230777554196,0.145335865494233,0.244369061248948,0.436314684697722,-0.572285696941085,0.0138502922386794,-0.61598079294169,-0.0958641824189557,0.269937327833267,0.106887261296828,0.178649732580761,0.521597840167718,-0.00798423295449885,-0.260394517260141,0.286070990615906,0.245101997753493,-3315.45079794933
9.54018696966832,11.4904657696184,2.72598297520311,0.205385591074107,1.01796748486468,-0.650146249716464,0.592016540669588,0.098891993809295,-0.902634411466201,-0.73990645197078,-0.458678746568189,-0.593907656262681,-0.422734827295467,0.452803502110172,-0.469197398857022,-0.85863942325852,-0.144712957345566,0.400464479708011,-0.463183271957294,-3.25471183552424,-0.180628333794655,0.141431328752157,-0.395461691662775,0.540745749774513,-0.175769716158311,-0.0525353813654581,0.389473784907296,-0.443948430531126,0.447551222309791,0.980288449447928,0.670200239792061,0.0195477312323278,-0.194730710608382,-0.897505904067473,-0.701705696629659,-1.14429455206429,-0.451537208089064,-0.116470686441488,-0.0978439423974125,0.832624175864099,0.712838855554315,0.377068406619514,0.127509644442535,0.395829445250134,0.340860074867525,-0.85610305292419,0.341046645891194,-1.1723262620272,0.145341673169637,0.24436371950268,0.43633425552102,-0.572294514001751,0.0138908544622216,-0.615968659484674,-0.0958225125909822,0.269922812219881,0.106880089974884,0.178640148638883,0.521590006000276,-0.00799026318562547,-0.260407074197793,0.286070891268029,0.245109745550749,-3315.4507977203
9.54018696966832,11.4904657696184,2.72598297520311,0.205385591074107,1.01796748486468,-0.650146249716464,0.592016540669588,0.098891993809295,-0.902634411466201,-0.73990645197078,-0.458678746568189,-0.593907656262681,-0.422734827295467,0.452803502110172,-0.469197398857022,-0.85863942325852,-0.144712957345566,0.400464479708011,-0.463183271957294,-3.25471183552424,-0.180628333794655,0.141431328752157,-0.395461691662775,0.540745749774513,-0.175769716158311,-0.0525353813654581,0.389473784907296,-0.443948430531126,0.447551222309791,0.980288449447928,0.670200239792061,0.0195477312323278,-0.194730710608382,-0.897505904067473,-0.701705696629659,-1.14429455206429,-0.451537208089064,-0.116470686441488,-0.0978439423974125,0.832624175864099,0.712838855554315,0.377068406619514,0.127509644442535,0.395829445250134,0.340860074867525,-0.85610305292419,0.341046645891194,-1.1723262620272,0.145341673169637,0.24436371950268,0.43633425552102,-0.572294514001751,0.0138908544622216,-0.615968659484674,-0.0958225125909822,0.269922812219881,0.106880089974884,0.178640148638883,0.521590006000276,-0.00799026318562547,-0.260407074197793,0.286070891268029,0.245109745550749,-3315.4507977203
