"gamma_prim","gamma_temp","gamma_home","delta_temp","delta_home","delta_temp_agk_18_29_woman","delta_home_agk_18_29_woman","delta_temp_agk_18_29_nonwoman","delta_home_agk_18_29_nonwoman","delta_temp_agk_30_44_woman_kids","delta_home_agk_30_44_woman_kids","delta_temp_agk_30_44_woman_nokids","delta_home_agk_30_44_woman_nokids","delta_temp_agk_30_44_nonwoman_kids","delta_home_agk_30_44_nonwoman_kids","delta_temp_agk_45_64_woman","delta_home_agk_45_64_woman","delta_temp_agk_45_64_nonwoman","delta_home_agk_45_64_nonwoman","delta_temp_agk_65plus_woman","delta_home_agk_65plus_woman","delta_temp_agk_65plus_nonwoman","delta_home_agk_65plus_nonwoman","delta_temp_income_50minus","delta_home_income_50minus","delta_temp_income_100_149","delta_home_income_100_149","delta_temp_income_150plus","delta_home_income_150plus","delta_temp_education_highschool","delta_home_education_highschool","delta_temp_education_graduate","delta_home_education_graduate","delta_temp_impgender_20minus_nonwoman","delta_home_impgender_20minus_nonwoman","delta_temp_impgender_40_59_nonwoman","delta_home_impgender_40_59_nonwoman","delta_temp_impgender_60plus_nonwoman","delta_home_impgender_60plus_nonwoman","delta_temp_impgender_20minus_woman","delta_home_impgender_20minus_woman","delta_temp_impgender_40_59_woman","delta_home_impgender_40_59_woman","delta_temp_impgender_60plus_woman","delta_home_impgender_60plus_woman","delta_temp_jobtype_health","delta_home_jobtype_health","delta_temp_jobtype_retail","delta_home_jobtype_retail","delta_temp_jobtype_education","delta_home_jobtype_education","delta_temp_jobtype_public","delta_home_jobtype_public","delta_temp_jobtype_information","delta_home_jobtype_information","delta_temp_commute_noncar","delta_home_commute_noncar","delta_temp_neighborhood_suburban","delta_home_neighborhood_suburban","delta_temp_neighborhood_town_rural","delta_home_neighborhood_town_rural","delta_temp_homeownership_nonown","delta_home_homeownership_nonown","delta_temp_factor_score_1","delta_home_factor_score_1","delta_temp_factor_score_2","delta_home_factor_score_2","delta_temp_factor_score_3","delta_home_factor_score_3","logLike"
1,1,1,0,0,0,0,0,0,0,0,0,0,0,0,0,0,0,0,0,0,0,0,0,0,0,0,0,0,0,0,0,0,0,0,0,0,0,0,0,0,0,0,0,0,0,0,0,0,0,0,0,0,0,0,0,0,0,0,0,0,0,0,0,0,0,0,0,0,-3392.84007102569
1.60670443928616,1.43648831414344,1.36087636007224,-0.0210510993593638,0.0125842409068011,0.0227717368320706,0.095914617537825,0.0072324482677941,-0.112063967222677,-0.0107373498690823,-0.0347470117920277,-0.0443083643295448,-0.108702379332643,0.00463686307850699,-0.0243777636622486,-0.0037188536901105,0.0386267558866709,-0.0291843269112091,-0.00641764808765831,-0.00733348801852037,0.0211983059080823,-0.0464809333449756,0.00451312719071675,-0.0376173006153245,0.0092520834347361,0.00368490383777119,0.0847594617307743,-0.0495944446995614,0.028411375887512,0.124509421087103,0.125587562453665,-0.0255248889606374,-0.0128258271134355,0.0138725232399502,0.17292485688864,-0.0185977459821119,-0.0282354909264128,0.0665253735367347,0.193187581280986,-0.0333337583441734,0.048706592621257,-0.0779593334255078,-0.189153647420367,0.0510243593134621,0.223646345783987,-0.0942306903277567,-0.0806347561153925,-0.064811216553776,-0.0572689877251506,-0.0183271311092495,-0.00383019969945969,0.024335812087312,-0.0365861476882239,-0.00718978503311573,0.053573973291325,0.0202008917999817,0.0878899860020776,-0.00226556018655434,0.0070439355290435,-0.0309666697228658,-0.0661559729295513,-0.0283129209668902,0.00479036559591696,0.0326606162286727,0.101608819301498,-0.0460458538535254,-0.115931010988251,-0.0181333723011507,-0.0326012625090006,-3062.33168801621
3.76075729335827,1.69855200898801,2.27166920137828,0.487616677156234,0.440910398396391,-0.0962786725721723,-0.120689106940645,0.228966861755562,-0.117986007288931,-0.0709664051807916,-0.303454965658305,-0.216748573440986,-0.475163244246133,-0.0541219172720619,-0.124704510533559,-0.0837883375688009,-0.212684551363916,-0.160696533657149,-0.274573683629926,-0.0247952414460283,-0.149894126260234,-0.123880194241146,-0.122556927398547,-0.090399832142003,-0.0164921594635104,-0.031873801841424,0.161258813390811,-0.118763797395278,0.0958618421852388,0.285984428793095,0.206416942722355,-0.00615426502156013,0.00253314869665604,-0.0697905899345591,0.177699885774127,-0.0375647493817365,-0.0959227293846452,0.0468171262497385,0.239991414127642,-0.0227275958285708,0.244563012239565,-0.167988789682177,-0.293549979239247,0.124338932466498,0.497114701314691,-0.157149781538237,-0.12777654480574,-0.0678855867251299,0.0315521683489929,-0.0163609760647234,0.0156942714157082,0.257757896016239,0.184706524810466,0.0168656393146061,0.110373407733265,0.0951550930771487,0.192534708953911,0.0122441579167306,-0.0633724801655505,-0.0706584588920851,-0.202984275797173,-0.0794428755607615,-0.0769007076258905,0.00466433572979182,0.110258599215839,-0.0941063775165291,-0.217856552789844,-0.0206868656190209,-0.031587236090323,-2798.99841448489
7.78814385869148,2.70267618181036,3.69714549847704,0.615351397015558,0.613802531992827,-0.079044891752648,-0.107290380926852,0.339221977126519,-0.253275981408144,-0.0819065541963122,-0.489867053517462,-0.338865677724744,-0.748458784564383,-0.0604159444917978,-0.183309722606183,-0.102801570827075,-0.376078004241831,-0.245668715204567,-0.50592544860646,-0.023581621205859,-0.277072001228216,-0.174469984634587,-0.223669519856819,-0.132145043178007,-0.0330800623998987,-0.0274660902627989,0.278532053652026,-0.175130717981295,0.180489649309575,0.445331897120753,0.404291965529006,-0.00456505162098518,0.0100013238083326,-0.0590269304943722,0.339392390517902,0.00852401898776518,-0.0313326737827333,0.130881671059795,0.468192785580581,-0.0433082000995748,0.405058243847374,-0.253340817505226,-0.352521241793194,0.23980855315057,0.861539329414946,-0.293469596494276,-0.270786587656189,-0.125250734431357,0.0316973213163149,-0.0158903515691062,0.0489880498998455,0.394100647211493,0.215414668282411,0.0047261901169364,0.137938917652505,0.176118469952659,0.308280843066836,0.00648241598985621,-0.121775939252662,-0.130456703967738,-0.358776716893718,-0.127752514365783,-0.119936678976091,-0.00432509750016319,0.164623156835171,-0.142578129842954,-0.326404881106123,-0.0251233660598095,-0.0351172008962,-2517.68040702761
13.7833471724913,4.95708407491465,5.54181231666592,0.490798499584791,0.510815895107846,0.0549631003981668,0.219140534814018,0.34894069517755,-0.439870266792027,-0.0664963218708089,-0.552448994843935,-0.378351851573324,-0.720732118841212,-0.0587322464584529,-0.270797178815108,-0.125623685398614,-0.428237535501868,-0.277316458264293,-0.66692158238977,-0.0679974902791862,-0.331582408699998,-0.277967517149632,-0.308061893891085,-0.247481045345544,-0.0149025436456744,-0.0900886680229649,0.420848399118765,-0.336418091231735,0.274151341418444,0.566927366527151,0.639171487800906,-0.0356034944599868,0.0129070130966698,0.0864482665636525,0.697073618767023,0.096070198843947,0.18972327312341,0.319472400804192,0.906520629992285,-0.109261047113014,0.463508537700774,-0.192803675546175,-0.121893489485224,0.31907305302511,1.20632404131463,-0.473311559728674,-0.425048503593979,-0.246908453593081,-0.0677918809434428,-0.0363701955246648,0.0711325882624603,0.382257765353749,-0.0090929267846149,-0.0639135977591502,0.159289940484743,0.247542634932355,0.412187551708244,-0.045173162720579,-0.157777103212789,-0.209019967951824,-0.494516463480078,-0.186452563922727,-0.123006302960245,0.0178822033751678,0.308925527026099,-0.173562414956221,-0.412358390443478,-0.029045382379738,-0.0296753456192093,-2249.22440824501
22.0548487480429,10.1368992701514,6.03582478888083,0.0832278800409962,0.217955986058628,0.215857323369087,0.916651902563021,0.00878975006616378,-0.279372866925587,-0.0224809982855338,-0.506226060069699,-0.387640360160334,-0.000159034189061713,-0.124740535246179,-0.612845356380875,-0.0890046790531779,0.0305993954546948,-0.0768785812675243,-0.478758906171838,-0.379880072245709,-0.279820743848134,-0.580615168756733,-0.257600483101354,-0.486057444120798,0.0590852309383799,-0.412835284679403,0.642584628004195,-0.918686800891201,0.253443308825166,0.743238248299473,0.859092827283114,-0.137511310638819,-0.0722519108026551,0.521815500231798,1.29050877222559,0.0159091265996762,0.377416845719949,0.630254000988538,1.77776714529044,-0.228093045305444,0.301867247442779,-0.0482105262879788,0.0591264688837768,0.149717264340954,1.51973184198417,-0.585173029325535,-0.256504597947469,-0.393899459764694,-0.313077972040203,-0.103403625616814,-0.0810969547753173,-0.141383251610053,-0.65076351922801,-0.238992061331016,0.239503886530602,0.213510790033548,0.496391421298209,-0.21916784538039,-0.129929528967056,-0.219551156009681,-0.380756469316705,-0.23592343446295,-0.119673979357359,0.140791275314868,0.751291267780675,-0.222250517752578,-0.629256467328303,-0.0988289786748175,-0.0897048036268664,-2023.30145955712
23.8630476391831,15.5076309427485,9.29215759719109,-0.99253292663501,-0.718198651924859,0.550531205464402,0.90977809806842,0.0956090906036492,-0.171152982706604,0.183113375805785,-0.181306067121341,-0.219111582148557,0.490121806080254,-0.0365786612959886,-0.237031764252918,0.254334747759027,0.632643375231153,0.394806078058618,-0.159117005860625,-1.54664447129961,0.303131778963519,-0.207727018653461,0.158672248636263,-0.196357972285362,0.0732862185561151,-0.551438921405733,0.588615350031957,-0.796744915513829,0.424020179656658,1.1339863686266,0.994991567174107,-0.132165232192395,-0.266279765488687,0.610707726801126,1.17798545089247,-0.10795836883827,0.33909076919594,0.733109660788122,1.71386642022136,-0.214501393447003,0.322364365977854,-0.137843835137084,-0.00359274801588724,-0.156268797428867,1.26118757634692,0.0871907751303969,-0.348718952937898,-0.189187882804904,-0.23240402628406,0.164016310338029,-0.342487077983214,0.21471786636209,-0.653484737393907,0.0283525321053258,0.299038012300476,0.0463776899602219,0.475831080433396,-0.343644123364095,-0.00901858779392249,-0.287321524018566,-0.1929112878564,-0.0875499671234093,0.123227460157133,0.238962572769768,0.747290252406527,0.028237390923765,-0.549303471899968,0.00102523549732729,0.0176577369469816,-2005.64362488505
25.1434944443199,17.2732014208867,5.85599756130314,-0.754640812270572,-0.518351853316153,0.222135703480815,0.875451055414922,0.0756881729711474,-0.151099592768929,0.198930488302857,-0.0575548289213337,-0.415384635085997,0.415838394226568,-0.0330849809615051,-0.145369044893737,0.294894322307746,0.701128459237223,0.35340923728919,-0.118446229035442,-2.05066773422073,0.286540233018634,-0.225171731952752,0.00889761727580507,-0.191056233366709,0.144631349117598,-0.556424795948656,0.633882306437703,-0.865815807775712,0.383884822486349,0.991707058404835,0.881997460597574,0.035445937260575,-0.0810179585507803,0.551049042593966,1.2366717990761,-0.124386982648669,0.286545400182016,0.662874436511323,1.74634763271873,-0.0910693623858023,0.262943576120755,-0.169095640849324,-0.301048289318654,-0.153488066979676,1.11358030134739,-0.353165406929331,-0.213854399513743,0.0804868465738639,-0.192295805092153,0.114340840810737,-0.282699831658519,0.240648041692523,-0.631030481451322,-0.076558235494243,0.250507850803889,0.227304212860963,0.466974871491961,-0.303397196985585,-0.0286814841714301,-0.389358178465185,-0.2110993470421,-0.141245768695322,0.0944488356370039,0.2295013160756,0.719623043701754,-0.0411296921531642,-0.5626218834706,-0.0439117834458296,-0.0316280374525575,-2005.43785889938
24.6585959002815,12.4641115620234,7.4712521483371,-0.713212350687694,-0.608045196324595,0.109636565127046,0.862721559035942,0.0918062036031091,-0.0446924463715726,0.215858482945627,-0.0683019993381614,-0.423754628488025,0.501697083229771,0.0159988751413768,-0.0745097577176406,0.240407089352747,0.659716823758385,0.362370833845152,-0.129073609903393,-1.34863238298503,0.285773145528288,-0.352540025752832,0.0177387202708361,-0.285287510671966,0.126750984895513,-0.637495667931223,0.662651123927361,-1.00515782633001,0.380920559121537,1.01281339915226,0.807401351693194,-0.029483243362958,-0.108681478545173,0.580550672937695,1.2391644336876,-0.180799189887661,0.29478105848571,0.675949019470523,1.712467773181,-0.0491466025778958,0.301378471520436,-0.168091641285034,-0.167257281748619,-0.187692901258801,1.07759065913202,-0.184755717314635,-0.212484397682917,-0.0665377379263175,-0.188956351633665,0.0668410148853996,-0.186737999330316,-0.0760871313896274,-0.654980721566814,-0.107016528092774,0.288395503020515,0.242547171965504,0.442794210418874,-0.311090612295808,-0.0330133333031397,-0.291669730171587,-0.214498081945718,-0.0855305410244782,0.107497657386855,0.225023457109782,0.704878950896383,-0.0486396734052529,-0.572376356420032,-0.0258200955029382,-0.0125367483304732,-2000.32962911678
24.7666070840561,13.988860374844,7.84484482039359,-0.760595685413804,-0.673413711454553,0.120486463754725,0.934638144273879,0.099488154421908,-0.0673066407907768,0.157425963624218,-0.109485450899263,-0.329687772000144,0.522281653609083,-0.046197440914981,-0.183373165138053,0.249713840190132,0.665708939625483,0.352153534546899,-0.0919992321698059,-1.53137370691945,0.301058190820232,-0.202936016087425,0.106387716238311,-0.246752190666665,0.188675303803903,-0.572675436083584,0.673963738114311,-0.936575773269715,0.42109887183883,1.05874659288884,0.919246004532875,-0.00264353923415882,-0.0954865193049015,0.597143019062037,1.23212251423428,-0.167316579236097,0.285022584415968,0.688966560505197,1.72603781710954,-0.0432153660587853,0.288578820189571,-0.0573279689642472,-0.131323713822299,-0.24911905486299,1.09539484134676,-0.179920074448208,-0.194576021643716,-0.0582920980676435,-0.25712315491279,0.0827286451062022,-0.221291299599647,-0.00621058300636183,-0.718298826158629,-0.119916256482251,0.253117429883122,0.174222659985408,0.441571916713567,-0.338460375336355,0.0231068301964182,-0.264399367410688,-0.114263046110391,-0.11439997877355,0.0740316330937758,0.224662271960918,0.725435040957704,-0.0393473984891256,-0.547935034442908,-0.0521796622332647,-0.032548786517115,-1999.84991284129
24.8992068072144,13.6728291683932,7.81572523199426,-0.725394300153143,-0.688917068943013,0.0807462839293179,0.880795517985075,0.0957167563123411,-0.0283820828084727,0.193093567061465,-0.0971774922110132,-0.428317862995981,0.496752694088888,-0.000862211378932894,-0.126044635248647,0.239826475398863,0.666359050994349,0.365194583789097,-0.0901301970950632,-1.47908273264082,0.304947022575457,-0.236164159670076,0.111594358788619,-0.263759207180327,0.189332851517187,-0.596006223411207,0.66396201000144,-0.97495511583188,0.416892667408229,1.06240466870466,0.89995386462916,-0.0308056345227933,-0.0970753504053588,0.580336263510848,1.22751222371599,-0.197253181141806,0.285589254550478,0.693118759728192,1.72871998644198,-0.050472625537311,0.311970886718773,-0.0868481198283673,-0.163127285508235,-0.208367726843344,1.09697009390172,-0.184750074882256,-0.194733164055725,-0.0354235253481332,-0.232743695007085,0.0820271275142782,-0.226619522999918,-0.0303886302903778,-0.675689525409291,-0.110664868668701,0.277481771057969,0.187072724206856,0.44441335978443,-0.322562837509352,0.0258463056599575,-0.279745884007829,-0.129037979529303,-0.130827635141256,0.0639529060041242,0.224169071964668,0.721819548913529,-0.0376849356472129,-0.558404949229041,-0.0410158535296977,-0.02154166803303,-1999.64431994507
25.0531060477264,13.5575405516844,7.80726333024326,-0.727539926302275,-0.705397456138641,0.0665484884070081,0.889646711155661,0.111497558302297,-0.00838014640247357,0.201688607387292,-0.0820581335711831,-0.410830767280474,0.516818319166461,0.0070270823010384,-0.112454622241423,0.242478377478169,0.669822293446296,0.380912244360242,-0.0749275224218433,-1.47464045279099,0.315643001567336,-0.271851660328706,0.100197753532642,-0.267185830575176,0.184729934308607,-0.608387946781463,0.660600794517812,-0.987841798807057,0.412039612676184,1.04851203301073,0.875070730015754,-0.0229367394509452,-0.090227517971098,0.593203845580442,1.2455169930655,-0.180094938484208,0.300232865936936,0.696103883032507,1.72830927310717,-0.0442995165065672,0.310428333262299,-0.0774535829391879,-0.125545167277921,-0.227170141956478,1.08197523692603,-0.182207437254418,-0.188627684432491,-0.0412207395484738,-0.229012083870777,0.0807305764230335,-0.214232583791128,-0.0474305596595502,-0.663429812698002,-0.122078539506589,0.275661934038766,0.197086963948435,0.445731731668634,-0.319576183690604,0.0247528922632727,-0.269994814562593,-0.125847450156338,-0.122087737510839,0.0763026465201931,0.221244387542692,0.720327763671883,-0.037021544325854,-0.559856300212714,-0.044520237162822,-0.019269652813851,-1999.62142131593
25.1628825555895,13.5132998805861,7.82862635949053,-0.715637838731869,-0.702048779995968,0.0613283479234162,0.886962882913518,0.113516342126451,-0.00543457299395513,0.194255726824359,-0.0862614420323088,-0.418158265914839,0.515228068771432,0.00627325168805765,-0.114088923746497,0.241986953192759,0.671655797495869,0.37014127305386,-0.0774924662539861,-1.49261226724303,0.314873108783298,-0.265551834296895,0.103946497856702,-0.265597361606941,0.188039581498544,-0.602094875085943,0.665551891991188,-0.984448809940081,0.414501234113632,1.0471517981229,0.87985916536261,-0.0252893306487701,-0.091705546995995,0.590227623643869,1.24381895285354,-0.183371060350518,0.295197560013172,0.689034977848114,1.72522630274744,-0.0444554759513153,0.304817339041485,-0.075374544960212,-0.142222747552378,-0.234979510063434,1.07993232753014,-0.191134354510621,-0.192725892459343,-0.0463491977834047,-0.235510887151406,0.0724336152984196,-0.214837321123905,-0.0475277080200019,-0.664992712363792,-0.123291229849549,0.274016550818201,0.196682726173761,0.444576829239523,-0.321939413372529,0.0272977671886435,-0.270368071395439,-0.121635667392908,-0.128120439545216,0.072557873014375,0.219006456565001,0.720220542924249,-0.0384822716456318,-0.558544443535724,-0.0440468750549722,-0.0193840693143076,-1999.60971545382
25.3971569273314,13.543837524881,7.83288603943382,-0.705442628962262,-0.695967248921738,0.0518677803496645,0.88409510399416,0.114105342453307,9.58059523697473e-05,0.188197863374428,-0.0883617534516238,-0.427846503995402,0.511813647839258,0.00412953381548019,-0.12306792244378,0.236210449176419,0.668371689405452,0.364948839907554,-0.0818611913146905,-1.4855765917824,0.310807598452663,-0.257000282405791,0.104007745761378,-0.266086337479149,0.189577352189134,-0.602539624396611,0.66546487185302,-0.986590335256401,0.414352831594895,1.04983017953274,0.885426744421469,-0.0272917117616973,-0.0907447163630445,0.589407656486241,1.2398793053919,-0.187805232423177,0.291101416802901,0.686522519585879,1.72291321662792,-0.0443033129057936,0.3017299027713,-0.0684044818229936,-0.14472435747058,-0.23238284243439,1.0785081695501,-0.190016688298077,-0.193596440430738,-0.0450718435027753,-0.238933291196167,0.0722469149767652,-0.216944050729397,-0.0521040030146504,-0.661806164326326,-0.123476322634763,0.273725799376402,0.192199685271417,0.442916528566579,-0.321936747213205,0.0311746741432211,-0.266367884242956,-0.116817610910542,-0.132977014587405,0.0693252876129205,0.218299814079369,0.719261213223327,-0.0385326149863182,-0.557696523439138,-0.0440916149903943,-0.0206894115437281,-1999.60243874348
26.1058871420296,13.4979673288912,7.79614157199948,-0.700857368704966,-0.681195188252836,0.0495334062912221,0.879306215513035,0.114121440736897,0.000814499665985722,0.190213926238286,-0.0904910287966067,-0.427364789640271,0.512609150372005,0.00558457069976739,-0.116806215905903,0.234697856424712,0.663888421945499,0.372120666649935,-0.0787839316359525,-1.49173941233072,0.310530452668194,-0.266902115665769,0.101567434394157,-0.262551859896589,0.187009896392443,-0.60051519801281,0.663054197608281,-0.983629464447162,0.415427614872206,1.0494916564221,0.88354254303515,-0.0226013411654416,-0.0879663916233475,0.583376156171198,1.23636286747444,-0.189614862117036,0.292392811865484,0.677270492840995,1.71522814641359,-0.0455911859286849,0.303296430939097,-0.0671118144458004,-0.132333922019837,-0.237828719276804,1.07647944663629,-0.189810531300913,-0.189689673056634,-0.0423569352756843,-0.2376996757952,0.0707968955950238,-0.217407673972617,-0.0416288941169086,-0.658902329787053,-0.124678967129286,0.271639984548565,0.19576418024246,0.442056365138011,-0.320976122652088,0.0284815959430195,-0.267983537248155,-0.120337484974258,-0.129538723739846,0.0726806280228181,0.216206314955632,0.719085613897545,-0.037608489905399,-0.555930223436722,-0.0451224644819551,-0.0194477446540615,-1999.60146927129
25.8358938334868,13.5284387783282,7.82235662399608,-0.704094942582285,-0.689620609363215,0.0566047204093147,0.880665820251782,0.120888435594026,0.00420795082627962,0.193511059835047,-0.0862964355180097,-0.422747774532725,0.511457401063946,0.00647511012157978,-0.120415650121867,0.238225900848446,0.666289634182833,0.368016626185112,-0.0819994696735142,-1.48497689328659,0.310174473373642,-0.261315897179592,0.101281098532807,-0.263905735796157,0.187032853945215,-0.599454841951573,0.664480572816229,-0.984600403914565,0.413704404128367,1.04769862671227,0.883342065053116,-0.0256764801423991,-0.0897820252834889,0.589126855534907,1.23997370446912,-0.185784727510134,0.295922078329342,0.684961304881856,1.72123780962803,-0.0473214528362646,0.302719058820722,-0.0698861265088577,-0.142532305903152,-0.23576271716878,1.0783670534338,-0.187701337567745,-0.192511536999663,-0.0427282116797673,-0.237373201691765,0.0741934688258826,-0.215313532904376,-0.0475560961602459,-0.657093549734412,-0.122796544297861,0.273257458775197,0.192486269170894,0.441010296806939,-0.32192141470548,0.0319643651757383,-0.267719715504492,-0.116965451669832,-0.131461346720584,0.0706622306520005,0.217263632344553,0.718627216427581,-0.038070585780305,-0.557103146104847,-0.0444379550359285,-0.0204294594522764,-1999.59739378101
25.8100175465502,13.5288694630348,7.82281927415623,-0.704039886779255,-0.6884785074282,0.0575095425568014,0.883896145210239,0.118064550264754,0.00486785164001018,0.194709425378042,-0.0851191647566393,-0.422877008625406,0.512242233099428,0.00835983506411106,-0.120170657168041,0.238769922402724,0.666148352653965,0.367338703272248,-0.0812062689140139,-1.48506272635849,0.310347253581715,-0.260398748817197,0.102155684606765,-0.264197396181998,0.186504568798289,-0.600121417301053,0.663781024627706,-0.984655590780456,0.413117987554165,1.04559935370223,0.881201925613933,-0.0263076707386698,-0.0905945457431419,0.5898433198179,1.23988657800585,-0.185412144133195,0.294768880921227,0.685578034304962,1.72130947434148,-0.0479682790267887,0.301084032996725,-0.0691897868560513,-0.140533994851305,-0.234247351678607,1.07861639309055,-0.189932404095793,-0.193047479225924,-0.0445149469430696,-0.23750804525733,0.0739495189799372,-0.21524968169435,-0.0480162289634089,-0.657221791254536,-0.123262337768909,0.272862075798996,0.192166549849712,0.441595635560951,-0.32145065449929,0.0309780454126125,-0.26738510483417,-0.117968284272821,-0.131491096994402,0.0705253003367984,0.217451616645593,0.718299932481438,-0.0377955631515646,-0.556902501715662,-0.0448029129413715,-0.0206305261770764,-1999.59727200596
25.826907902369,13.5293281325137,7.82172252246531,-0.704779514179419,-0.688717446144727,0.0581837616270357,0.883295792735241,0.119215099105507,0.00487219884560261,0.194712435873641,-0.0847933831496586,-0.422141779663352,0.512505043243683,0.00782058755900677,-0.119871530922945,0.238579921375066,0.666424609644985,0.367313322921255,-0.0813068272818074,-1.48570330511896,0.310627586585006,-0.261001690564756,0.102064786675293,-0.263579175346323,0.186619893093642,-0.59935779751398,0.664030406390768,-0.983996506476737,0.413099487293158,1.04571752482035,0.881188729170229,-0.0261910169945851,-0.0904886107748239,0.590111478317906,1.24021425990819,-0.185147243515311,0.295438088010167,0.685478121933631,1.72148165391965,-0.0482513138617044,0.301099708634627,-0.070184442129908,-0.141368933861371,-0.234795460069613,1.07850998085472,-0.188867187214159,-0.192718781531525,-0.044311359211201,-0.237301163461847,0.0743573862550944,-0.215110874852235,-0.0476908215319477,-0.657297270150688,-0.122948182143048,0.272892365247892,0.1924793568244,0.44131245281491,-0.321285949198091,0.0314398641068655,-0.267271456952304,-0.117751987398878,-0.131313821782761,0.0705000347464932,0.217320473351822,0.718392236785763,-0.0378965424946407,-0.55694516513331,-0.0446566500603937,-0.0205834043569654,-1999.59721376328
25.8325472680642,13.5274634102168,7.82196230581835,-0.704930157451788,-0.688833281651722,0.0585402713864093,0.883207614325543,0.119701996529558,0.00496920899678827,0.195243305321201,-0.0845781583951642,-0.421844967407308,0.512446527814501,0.00801635916224773,-0.119732793956144,0.238777038638835,0.666394817800319,0.36749610470902,-0.0814739665208576,-1.48547334808852,0.310588362459366,-0.261255913058958,0.101849445102074,-0.263905933168962,0.186698331486289,-0.599426240965219,0.664033062832743,-0.984261224402856,0.413098992467653,1.04551269629929,0.880982420029204,-0.0261402732586261,-0.0904839124275807,0.590291047569172,1.240301237156,-0.184916123120614,0.295755609050408,0.685683279252817,1.72167083470888,-0.0484174770227328,0.301071501321647,-0.0705307810941309,-0.14148781543445,-0.234690292811127,1.07864062339456,-0.18902110963409,-0.192836759748272,-0.0441521750924229,-0.237059340426581,0.0744735357476572,-0.214946373423053,-0.0476937263094808,-0.657073213976683,-0.122824562109146,0.272875119057065,0.192474620105669,0.441292059413834,-0.321167079048723,0.0315827511546269,-0.267292759945573,-0.117734694860457,-0.131135674577971,0.0705351731380015,0.217325484468609,0.718331732815666,-0.0378380457147907,-0.556938596820116,-0.0446489008060864,-0.020601244662426,-1999.59720931877
25.8324630309254,13.529345110153,7.8217736799529,-0.705156557901375,-0.688793777339683,0.0587734419914069,0.8832423734098,0.119614994010256,0.00491527737315319,0.195210042666484,-0.0845618300895231,-0.42168453982052,0.512474474656102,0.00803819883653475,-0.119757460269621,0.23880664544301,0.666386105847022,0.367493966262882,-0.0814451064082051,-1.48572593750154,0.31062604493746,-0.261125016360399,0.101899575696599,-0.26378350976903,0.186703223998847,-0.599278609804978,0.664031023714676,-0.984069280510673,0.413082557986492,1.04546610204931,0.880922714376678,-0.0261810264592792,-0.0905159853864432,0.590338329841481,1.24030444886661,-0.184886722307398,0.295738589296532,0.685701526479575,1.72164420965896,-0.0484133124471934,0.301024265644835,-0.0705513320290315,-0.141440820843191,-0.234661638326035,1.07863355899131,-0.188903524822559,-0.192825462251099,-0.0441992053100703,-0.237063886683275,0.0746035831601908,-0.214955448276249,-0.0476142248419178,-0.65711097861222,-0.122804957503145,0.272832707828756,0.192472394487226,0.441312272099954,-0.321133633430796,0.0316040304283106,-0.267229532564572,-0.117725807654468,-0.131131973559518,0.070536137514813,0.217327751348812,0.718319397594858,-0.037823970282385,-0.556920295526607,-0.0446583958486214,-0.0206078170178932,-1999.59720832431
25.8322870978863,13.5285236217912,7.82165586596649,-0.705120660052792,-0.688746868080639,0.0587555652772243,0.883283787867495,0.119545299499684,0.00492135938991782,0.195201866162342,-0.0845333395151762,-0.421782007812231,0.512504211587921,0.00802737209999159,-0.119785125706249,0.238774796841564,0.666398971098021,0.367442475563313,-0.0814338698597246,-1.48566439374393,0.310633092862321,-0.261140467280198,0.101910451627142,-0.263771018436594,0.186708862593473,-0.599308890576356,0.66402681997906,-0.984080690487421,0.413049633989602,1.04543529909742,0.88085885952584,-0.0262184187658476,-0.0905288472324254,0.590364168125632,1.24032360086086,-0.184925742790284,0.295700123325867,0.685651721654087,1.7216387656509,-0.0484193793470811,0.300987059997963,-0.0705760023753797,-0.141468374984217,-0.234599436823061,1.07862745211051,-0.188919572758774,-0.192801771248139,-0.0442566161406952,-0.237040949924567,0.0746105293855506,-0.214936420042711,-0.047682535580277,-0.657141083856822,-0.122824226225166,0.272838247406601,0.192484703409852,0.441305867680359,-0.321087778654832,0.0316011304210951,-0.267167747753784,-0.117734554303636,-0.131146151433093,0.0705170165242349,0.21732053972473,0.71831358657652,-0.0378325612294325,-0.556927937526461,-0.0446545904450187,-0.0206094618822154,-1999.59720812733
25.832191679615,13.5286333386039,7.82173346310377,-0.705101333317722,-0.688765826215023,0.0587534288383427,0.883301883941561,0.11954976606084,0.00490429928794844,0.195203963122438,-0.0845404489458781,-0.421771503091096,0.512493831754378,0.00802445748786557,-0.119779956592911,0.238769432830864,0.666385539159025,0.367429230332678,-0.0814588969513804,-1.48574520917609,0.310630390144255,-0.261133518938905,0.101898848765546,-0.263792283102345,0.186730901357189,-0.599310413727176,0.664028786468591,-0.984081212125054,0.413068435508554,1.04544319554403,0.880871873866972,-0.0262080428713249,-0.0905255226563746,0.590357081605193,1.24032133842981,-0.184923713459763,0.29571202462569,0.685657197681286,1.72165869984502,-0.0484315145046458,0.30099204626352,-0.0705762430796677,-0.141468564942086,-0.234613120554349,1.07863163185072,-0.18893999508453,-0.192829315214468,-0.0442469041124922,-0.237040471061226,0.0745985738993639,-0.214941822114692,-0.0476590353603473,-0.657139234848739,-0.122817776196579,0.272834089707134,0.19248350379406,0.441314397846166,-0.321106257089884,0.0316087910185084,-0.267192535611391,-0.117730572843361,-0.13113800184478,0.0705184333398287,0.21732139151597,0.718310868231418,-0.0378257798155539,-0.556925851403533,-0.0446546380017817,-0.0206101851071088,-1999.59720808707
25.832191679615,13.5286333386039,7.82173346310377,-0.705101333317722,-0.688765826215023,0.0587534288383427,0.883301883941561,0.11954976606084,0.00490429928794844,0.195203963122438,-0.0845404489458781,-0.421771503091096,0.512493831754378,0.00802445748786557,-0.119779956592911,0.238769432830864,0.666385539159025,0.367429230332678,-0.0814588969513804,-1.48574520917609,0.310630390144255,-0.261133518938905,0.101898848765546,-0.263792283102345,0.186730901357189,-0.599310413727176,0.664028786468591,-0.984081212125054,0.413068435508554,1.04544319554403,0.880871873866972,-0.0262080428713249,-0.0905255226563746,0.590357081605193,1.24032133842981,-0.184923713459763,0.29571202462569,0.685657197681286,1.72165869984502,-0.0484315145046458,0.30099204626352,-0.0705762430796677,-0.141468564942086,-0.234613120554349,1.07863163185072,-0.18893999508453,-0.192829315214468,-0.0442469041124922,-0.237040471061226,0.0745985738993639,-0.214941822114692,-0.0476590353603473,-0.657139234848739,-0.122817776196579,0.272834089707134,0.19248350379406,0.441314397846166,-0.321106257089884,0.0316087910185084,-0.267192535611391,-0.117730572843361,-0.13113800184478,0.0705184333398287,0.21732139151597,0.718310868231418,-0.0378257798155539,-0.556925851403533,-0.0446546380017817,-0.0206101851071088,-1999.59720808707
