"asc_2","asc_3","asc_4","asc_5","asc_6","b_2_age_18_29","b_3_age_18_29","b_4_age_18_29","b_5_age_18_29","b_6_age_18_29","b_2_age_45_64","b_3_age_45_64","b_4_age_45_64","b_5_age_45_64","b_6_age_45_64","b_2_age_65plus","b_3_age_65plus","b_4_age_65plus","b_5_age_65plus","b_6_age_65plus","b_2_gender_women","b_3_gender_women","b_4_gender_women","b_5_gender_women","b_6_gender_women","b_2_kids_kids","b_3_kids_kids","b_4_kids_kids","b_5_kids_kids","b_6_kids_kids","b_2_genderkids_women_kids","b_3_genderkids_women_kids","b_4_genderkids_women_kids","b_5_genderkids_women_kids","b_6_genderkids_women_kids","b_2_income_50minus","b_3_income_50minus","b_4_income_50minus","b_5_income_50minus","b_6_income_50minus","b_2_income_100_149","b_3_income_100_149","b_4_income_100_149","b_5_income_100_149","b_6_income_100_149","b_2_income_150plus","b_3_income_150plus","b_4_income_150plus","b_5_income_150plus","b_6_income_150plus","b_2_education_highschool","b_3_education_highschool","b_4_education_highschool","b_5_education_highschool","b_6_education_highschool","b_2_education_graduate","b_3_education_graduate","b_4_education_graduate","b_5_education_graduate","b_6_education_graduate","b_2_impedance_20_39","b_3_impedance_20_39","b_4_impedance_20_39","b_5_impedance_20_39","b_6_impedance_20_39","b_2_impedance_40_59","b_3_impedance_40_59","b_4_impedance_40_59","b_5_impedance_40_59","b_6_impedance_40_59","b_2_impedance_60plus","b_3_impedance_60plus","b_4_impedance_60plus","b_5_impedance_60plus","b_6_impedance_60plus","b_2_neighborhood_suburban","b_3_neighborhood_suburban","b_4_neighborhood_suburban","b_5_neighborhood_suburban","b_6_neighborhood_suburban","b_2_neighborhood_town","b_3_neighborhood_town","b_4_neighborhood_town","b_5_neighborhood_town","b_6_neighborhood_town","b_2_jobtype12_professional","b_3_jobtype12_professional","b_4_jobtype12_professional","b_5_jobtype12_professional","b_6_jobtype12_professional","b_2_jobtype12_administrative","b_3_jobtype12_administrative","b_4_jobtype12_administrative","b_5_jobtype12_administrative","b_6_jobtype12_administrative","b_2_homeownership_nonown","b_3_homeownership_nonown","b_4_homeownership_nonown","b_5_homeownership_nonown","b_6_homeownership_nonown","b_2_factor_c_score_1","b_3_factor_c_score_1","b_4_factor_c_score_1","b_5_factor_c_score_1","b_6_factor_c_score_1","b_2_factor_c_score_2","b_3_factor_c_score_2","b_4_factor_c_score_2","b_5_factor_c_score_2","b_6_factor_c_score_2","b_2_factor_c_score_3","b_3_factor_c_score_3","b_4_factor_c_score_3","b_5_factor_c_score_3","b_6_factor_c_score_3","logLike"
0,0,0,0,0,0,0,0,0,0,0,0,0,0,0,0,0,0,0,0,0,0,0,0,0,0,0,0,0,0,0,0,0,0,0,0,0,0,0,0,0,0,0,0,0,0,0,0,0,0,0,0,0,0,0,0,0,0,0,0,0,0,0,0,0,0,0,0,0,0,0,0,0,0,0,0,0,0,0,0,0,0,0,0,0,0,0,0,0,0,0,0,0,0,0,0,0,0,0,0,0,0,0,0,0,0,0,0,0,0,0,0,0,0,0,-2189.53007139668
-0.158311354985273,0.0209696654934631,-0.0241304219588617,-0.164109643501638,-0.318309712890893,-0.0364621745405942,-0.0919272191760433,0.052759539346678,-0.334356598536962,-0.170728319244525,-0.109583074695743,0.0267648657920758,-0.00757069549153507,-0.0230644939643301,-0.166727855083875,-1.30033225788173,-0.0126406008764736,0.0704082367816256,-0.161146244185862,0.122898573686936,-0.0914536499270517,0.00766047558693695,0.0304789382194842,-0.178960436904236,-0.262890430141851,-0.138141378455823,-0.0917308103340957,-0.0435021175166582,-0.131796101328377,-0.012100996006514,-0.0559012520899661,-0.0264778458060802,-0.0396834220386001,-0.109661124731373,-0.113079989504368,0.176932988868341,0.0350239885323137,-0.3119599502247,-0.214628995379509,-0.507688171653065,-0.0714294027530392,0.0194542795812751,-0.0745089553175642,-0.119831689233671,-0.211343857210934,-0.299624796028043,0.0362732593706923,0.0575491173322329,-0.117630590293459,-0.263240755535913,0.0709886114874564,-0.0313718551506599,-0.379968122354211,-0.156250239533225,0.0162123338102178,-0.256574905607676,-0.0296913649640387,0.0201248408498107,-0.257774957758538,-0.0138275211022618,-0.115674889790426,-0.227803612016349,0.0190662673199216,-0.267464910886771,-0.0813654883455626,-0.0528212250121959,-0.126105318594365,0.074919209072815,-0.330553558349587,-0.13131179414612,-0.214644987618431,0.0850466226615977,-0.0150706165301217,-0.0218663072347561,-0.205535560779348,-0.263035363116319,0.0196166750182263,0.0158596698230156,-0.0601368276089108,-0.313830435969925,-0.0456588861153141,0.0149137557240429,-0.157935944966517,0.00444560360283416,-0.312156553682756,-0.208739240609838,0.0528312122511485,0.0252212437795598,-0.251748472091134,-0.260967524215193,-0.371750179784828,0.0251340214050116,-0.0208708347165197,-0.110169159461878,-0.336967827004995,-0.0776005383266488,0.006403127519818,-0.127112954054844,-0.0384730573611217,-0.186022967163007,0.0964122465921941,-0.114663763757622,-0.0871019576877643,-0.196784690922421,-0.00416346807832399,0.0388906879248247,0.1028494172791,0.070444506304113,0.181242899141159,-0.140565492673223,0.109953238758038,-0.0274991253953201,-0.0644540589941444,0.0930944295920827,-0.124728508587908,-1749.87103070959
-0.244798127873704,0.0317985216079896,-0.0686050177719698,-0.262290374279341,-0.511052734700222,-0.166147050723506,-0.263417725764976,0.171085124346139,-0.457159570224751,-0.155781906596494,-0.0964561646629038,0.0688819872996302,-0.0207792552983067,0.0306698294787351,-0.134570938973592,-3.14230532691554,0.0226162259465589,0.0824886471484736,-0.678893178646113,-0.125481851028844,-0.166540931003609,0.0175292944966468,0.0663822055112193,-0.333102601958609,-0.396297691390418,-0.212007725693551,-0.253354865891548,-0.0924544034751093,-0.135836305682169,0.0627142978715538,-0.123376305474143,-0.0486361062683655,-0.0852819028922771,-0.17516783907456,-0.12379982956912,0.217537512586993,0.117925641023617,-0.667496046296638,-0.605331537948661,-0.848271631025498,-0.0539999364724155,0.0608689390305337,-0.201544215809667,-0.182054204389474,-0.245090312437147,-0.441252456755887,0.0937643576041168,0.11884563947678,-0.244243541669206,-0.428217237372422,0.137144419924842,-0.0959659930389001,-0.763562749023351,-0.2413092166289,0.124591912886523,-0.37781429216579,-0.0824623112510245,0.00128178861880536,-0.429052226361057,-0.0154911076648037,-0.172477976099381,-0.690394051399555,0.0629416324986061,-0.36180166861078,-0.0567034089060852,-0.0636930093334689,-0.44072662331394,0.205210586257637,-0.481825458199234,-0.121698400561758,-0.326194140343373,0.310734726280866,-0.016461322572664,-0.108535644567719,-0.281160670837515,-0.441725201097094,0.0576265805425561,0.00651786156666284,-0.16736780666371,-0.474913227299957,-0.123275544223022,0.0261098954244791,-0.352648782891539,0.120272646959284,-0.485894953693241,-0.352227704994176,0.123502871122812,0.0280878103253794,-0.417694424156983,-0.419012517604388,-0.708094937800683,0.0535030738135419,-0.0927199606764899,-0.236414135611141,-0.493383558755483,-0.129312260636732,0.0147715604775272,-0.301406121828301,-0.0171690717730767,-0.197499795045453,0.0807705378006721,-0.368707144888413,-0.21983802142546,-0.247108443169995,-0.13536421151952,0.122172867676862,0.339392466079395,0.167446067312773,0.287703660602746,-0.159296898726116,0.16038690110093,-0.0787693563090326,-0.133268972039029,0.161231442033382,-0.155024533487749,-1542.50214684307
-0.289114006329965,0.0507687638130875,-0.105987453790127,-0.300102713539323,-0.680174984073093,-0.200548574132243,-0.341622447765113,0.308152657141802,-0.479665087257959,-0.176963748897341,-0.0341780530722466,0.176594576545982,0.00543337614090907,0.100385407144894,-0.0561214212420316,-2.52484415521871,0.0357250863906612,-0.0263427853264758,-0.722632455653743,-0.280869947805437,-0.176616173573642,-0.0138777149727038,0.125136857336375,-0.359116590381653,-0.376258958358622,-0.207998266803789,-0.454892447465297,-0.1566560014238,-0.142153601195507,0.0852165750007352,-0.114943475703735,-0.0292810462319754,-0.145350440175245,-0.141072802341877,-0.226122064739256,0.231574381486548,0.285594524552424,-0.689982780139214,-0.697018154522322,-1.03600481757714,0.0303371502574449,0.131784593424833,-0.272645366523861,-0.147064290056345,-0.297010258381397,-0.423984896626732,0.194986623319119,0.146121336744781,-0.17455919752605,-0.435225680921825,0.180971219086216,-0.177749604414593,-0.876268432294367,-0.297212654768497,0.12915119016264,-0.404574270409274,-0.180025102026553,-0.0624892001146135,-0.49142378296056,0.0580148694157295,-0.268876516057764,-1.074200116252,0.0867234712338197,-0.537815982426844,-0.0890611252665494,-0.0358161748999541,-0.779571474667654,0.337300355855178,-0.655634616155056,-0.141122287751012,-0.159097924175233,0.679776081800895,0.179480338495952,0.0504573938004429,-0.0766501914188626,-0.504814363193281,0.0712744547711779,-0.000719322081570817,-0.112673603670153,-0.539220162152306,-0.138033426410453,0.0530655670884896,-0.443540121294883,0.0578201706733698,-0.577502047136969,-0.418230180907114,0.258125790291064,0.0239229772544159,-0.468944852747819,-0.451700394691129,-0.965939293910816,0.106571172424774,-0.163634886324892,-0.403660627754228,-0.671361367216891,-0.190648522725971,0.0349744038642254,-0.374940377291356,0.0100449793072441,-0.215031677422014,-0.0805288912524428,-0.696947233055914,-0.417545786202392,-0.463334217515058,-0.3410439969263,0.269547888191438,0.626962994674442,0.295948015715553,0.467377221789329,-0.0975941967051027,0.130293849581544,-0.123741641747528,-0.152228395068155,0.163503791231629,-0.190259986577195,-1457.18314543428
-0.302516873418195,0.0097188897603287,-0.159338728440327,-0.301393197587178,-0.913967289668051,-0.139079587537724,-0.259413117164627,0.426512210082985,-0.280746553054427,-0.0221323349330846,0.114890310380537,0.244522680453618,0.0724114470102594,0.270614038729171,0.132015973483165,-10.7319513625894,0.0224284547781116,-0.0492380184622633,-0.842481226060515,-0.23833316328771,-0.111386984750232,-0.104436008081557,0.19051978837087,-0.362020504172289,-0.300371779026727,-0.212357327099071,-0.716420093869674,-0.205219014283472,-0.131650563613588,0.195023894647214,-0.121121012607871,0.122803471973509,-0.17854854576048,-0.154509734381616,-0.272530415406945,0.309565122062606,0.404231265052683,-0.734613445865544,-0.896465431505921,-0.960382913473705,0.168027484935762,0.217837284567297,-0.273211727027362,-0.0961655111345717,-0.198281025446645,-0.308245788440743,0.317857622857598,0.203904591545386,-0.09279392235754,-0.384257236995907,0.248929373644994,-0.290707416780588,-0.986743861910523,-0.363873006207326,0.240784613266049,-0.386182880513668,-0.311153742991445,-0.13245295463845,-0.557635189780498,0.108947809019236,-0.293982867088132,-1.30843118856472,0.141124785084078,-0.55470722330317,-0.0159516954681996,-0.0451212280599363,-0.970583019638989,0.406717713602148,-0.691287774190546,-0.118320801308137,0.0861394216957158,0.965529995607748,0.511887256896282,0.20562031443976,0.167439758116089,-0.525682559747132,0.0250092733779643,-0.00683096575897425,-0.0837211099334742,-0.508366750176734,-0.247765111770254,-0.0124560569465118,-0.502282394155249,0.198031765517269,-0.670877105426812,-0.491383830548089,0.413524064967217,0.0488632169731695,-0.54238606092749,-0.48303812054727,-1.17579507441801,0.179735458609102,-0.223185534520724,-0.499388575575131,-0.700664502028714,-0.192504737945041,0.0188898967432075,-0.448004146452119,0.119634253700229,-0.13114950349508,-0.201350963327675,-0.884593409256756,-0.584512564735487,-0.559887359609358,-0.523777137958473,0.385495160331451,0.787086447644844,0.376150925376833,0.575077470830217,-0.0488538347583792,0.128349576530944,-0.129070134954535,-0.160309506113678,0.20705044315265,-0.201115659693234,-1434.27931401068
-0.358873600094131,-0.187456437584795,-0.334356436108158,-0.263256756721171,-1.69355982943243,-0.0425735818770637,-0.208683157580969,0.50700753713535,-0.286831354711714,0.237990059288569,0.0770297253243991,0.299114956492909,0.131886244007327,0.331878034131572,0.359186491014123,-11.7671556995802,-0.00638829305556631,-0.0862307874354668,-0.777118319209086,-0.147507173919365,-0.0489755877107615,-0.220786337876621,0.214625288541693,-0.450725546721338,-0.185974743047196,-0.382788128598832,-0.869757043201352,-0.215322654201846,-0.187036488416583,0.288162888347072,-0.136581265336484,0.335657971949985,-0.161642988521742,-0.06654574011662,-0.336052220134251,0.353467089355578,0.455883018322486,-0.696698088180052,-0.666899850594652,-1.09586192157932,0.330567754467561,0.345723431644817,-0.184950277702828,0.0751293925524213,0.067572827867863,-0.117212225973781,0.450910633942004,0.301372683890765,0.11509824951421,-0.142147057551663,0.193928840018814,-0.335614738687958,-1.03885121153917,-0.367631086898547,0.425536032178884,-0.380996439605736,-0.417939369469104,-0.243410079381055,-0.645101129948744,0.162025692480156,-0.156152200326972,-1.30687901727903,0.285266712544308,-0.625223277356404,0.220242235547147,0.032941178401853,-1.02795591599138,0.516515990545876,-0.788441506237003,0.0515308616007907,0.369452950985557,1.16149232180337,0.868917787213986,0.48226756049228,0.652590980084463,-0.650628600278133,-0.048431854007222,-0.029419739979041,-0.0852200997611393,-0.465739709410722,-0.241131527245331,-0.110202644668728,-0.621209599226126,0.0233211714679549,-0.711990898592641,-0.559675629546597,0.680408101594683,0.0998966356795755,-0.662189402555028,-0.335662658605117,-1.1908343794433,0.419876412197474,-0.203973705609411,-0.752087928607522,-0.660284829332856,-0.135902644678581,0.0188079773607956,-0.463309297314279,0.222078194267563,-0.0329972359954181,-0.221096305833895,-0.93650030859889,-0.658750687315704,-0.669747413146578,-0.54781713708774,0.394574673030893,0.823794286777552,0.373056153145195,0.621375554014531,-0.0397941678141865,0.186092430620616,-0.114906842577173,-0.136165120872024,0.21416154922665,-0.16477880018284,-1426.02965035693
-0.529734614476041,-0.52975197136278,-0.604584950699385,-0.444730242418424,-2.47601433305621,-0.0700187309885168,-0.187380245344939,0.573911584711973,-0.170881681136129,0.20475539766602,0.223040302818586,0.322802067637767,0.157515149368206,0.369487184029626,0.472602216237357,-11.9536980536447,0.00647795384181601,-0.0673872335646785,-0.837001457548362,0.100967722976151,-0.0571300581760207,-0.274863656547424,0.208509062040197,-0.458492704225085,-0.0433646524474152,-0.263840042093734,-0.971517827391898,-0.231646806492633,-0.209694844795257,0.421810106451952,-0.130402519341074,0.48255726498087,-0.117101513275443,0.0253074170916639,-0.349110533219887,0.438391558287017,0.510133630939592,-0.589759458746348,-0.922521931448952,-1.01823180753903,0.40474771263556,0.464806193566566,-0.0886845714617267,0.139593923025904,0.216897099998235,-0.0268668273565884,0.548961562237016,0.396546475848346,0.115850790358862,0.0325198753134575,0.304506480431989,-0.308104728012687,-1.01209823502401,-0.428777053644776,0.596861869019038,-0.44804025332882,-0.443584458100982,-0.287758000126082,-0.672827784056688,0.24329207129551,-0.208656323901175,-1.2321978402026,0.407054015220853,-0.421578724712368,0.419024302065996,-0.0306533969326385,-1.00026405203261,0.626895439898771,-0.677433228664945,0.21515546423207,0.417299559129848,1.29111356370641,1.06489433778955,0.616256061277079,0.88010380260615,-0.56470549952105,-0.0763563147020497,-0.0608233165287559,-0.0993604260691519,-0.52389778702621,-0.316053311599959,-0.139393993242,-0.687967101923461,0.16340450682101,-0.652484054319973,-0.49778961016591,0.957113517370187,0.224321604771119,-0.565157463709787,-0.128424542766473,-1.28753783231741,0.676555281210731,-0.0879790583580408,-0.639080907290616,-0.476175425737723,-0.134780618261383,0.0408349004012438,-0.455374811526382,0.183520733300613,0.19403707271389,-0.265440825770589,-0.931005173011099,-0.673444069738936,-0.593173081881039,-0.552656814763785,0.452562358286659,0.839157297643154,0.367609886472667,0.661227518992222,-0.0738160661936522,0.166842868023824,-0.106008912975135,-0.130633923921073,0.252705100531554,-0.168800931011217,-1422.27926530611
-0.7460340662195,-0.978706337428711,-0.958274160786682,-0.724099147996612,-2.94449340087669,-0.00641400657986997,-0.184157494303359,0.591611419072573,-0.215800706018472,0.578572791218383,0.187122563075259,0.367082411289125,0.192808668316206,0.444373667342607,0.500520471096475,-12.1463818566506,0.075288155639788,-0.00764703636475081,-0.703878430767817,-0.0255008800862924,-0.0744665497164472,-0.257382559943521,0.221833578967501,-0.354553177963934,-0.0924020531531017,-0.330919305292931,-0.959214034638963,-0.209697653232181,-0.18362723655752,0.472705572914185,-0.0752966379818053,0.527813784909186,-0.0968907646145113,-0.0825118270701856,-0.409845278287502,0.393999270003459,0.546346324379668,-0.561970341025314,-0.831670067397252,-1.08797362694337,0.43654621313421,0.536423167359515,-0.0368948947337629,0.193209867596929,0.234224391721782,0.0323880041425434,0.614601454619583,0.457596805079844,0.163012581632826,0.0736472351386728,0.303273500536569,-0.228090637498408,-0.974178630733343,-0.299453254380016,0.681317816822454,-0.410797833125315,-0.410310023702799,-0.258837738012556,-0.677927983966021,0.260173726244973,-0.128994758024243,-1.16264207905594,0.459531243388254,-0.422492651099534,0.476729490024061,0.0650247286743906,-0.93439327415429,0.68167934954747,-0.669622777455294,0.335540391330619,0.510537879223082,1.36177954258715,1.10411286345055,0.604171030091753,0.938391069184865,-0.556302464909356,-0.0460590770314158,-0.0437099469892921,-0.0684895679516288,-0.422835709864298,-0.186104095209748,-0.0854492503390273,-0.631202866387593,0.129583302494231,-0.501040681420164,-0.392090969703371,1.19904861782769,0.412307015166865,-0.448898536110275,0.226632346676504,-1.11575892357228,0.900967313449375,0.0917916806627621,-0.509164145984526,-0.0705138616047423,-0.099264733120885,0.0998576688922663,-0.426090042257915,0.232314097208377,0.133539657311577,-0.222356956049421,-0.92486171191974,-0.667943237921148,-0.577009381316216,-0.62423866136197,0.428909717131125,0.849750101155227,0.380519892695364,0.619987896209641,-0.0827300183192965,0.184755322300616,-0.0981636493030403,-0.134102125766607,0.248258978867124,-0.124237407154719,-1420.44298102269
-1.03007541022819,-1.45358513473226,-1.3867562370105,-0.9568687769943,-3.17818029874139,0.0556849184484619,-0.126213706265551,0.658771200202823,-0.0939615357292789,0.104073744781619,0.18050488991334,0.419516187231403,0.230906548794776,0.439353249654265,0.487930396282397,-12.0607980482995,0.142486246688022,0.0568086495169863,-0.7011733656492,0.146030447897645,-0.0450403113661272,-0.219174716120624,0.25459172100621,-0.414132648917015,-0.0300934910680681,-0.334201555567464,-0.90073277726723,-0.163095114948104,-0.124943270645663,0.522781705329579,-0.106976769190263,0.502598614259902,-0.116904670092568,-0.0381939421989488,-0.278777111759825,0.373224939356489,0.554390539791673,-0.561978993156575,-0.822024404048477,-0.745165892867853,0.488491474702638,0.579299587065312,0.00802660608282053,0.218576058017213,0.378515508500387,0.0926101110507452,0.667064097738225,0.513621661911467,0.219240841725395,0.177018803517485,0.357629270441331,-0.149204118029426,-0.90632387876533,-0.282689646523941,0.660876428065843,-0.389962804313568,-0.377613881076379,-0.224714916829663,-0.63557065629188,0.292368236331405,-0.0535927205974328,-1.11673361486724,0.511802608014226,-0.425739407029378,0.514421772133938,0.132564187078041,-0.88633480255041,0.73531714774553,-0.65027953409743,0.385237771973022,0.576139503480796,1.41388921196295,1.15964495209604,0.667415777096881,1.02471102851831,-0.554082922592453,0.0015726931911429,0.00997757973669336,-0.0364028324398886,-0.456614674220672,-0.137249023455897,-0.0290576874542841,-0.569463860042011,0.165748280675934,-0.581265863984659,-0.246004129692637,1.46704795363913,0.633872829289247,-0.325214542317135,0.205170870600052,-0.92271040284095,1.15318868029712,0.304160000785011,-0.422952820946945,-0.216830261607237,-0.0867601472714796,0.147834260498395,-0.371608555905881,0.318683179888382,0.384695739811415,-0.189890833666523,-0.916821687545142,-0.659293399296158,-0.59924737906996,-0.576018578669365,0.413473431751746,0.852392207370097,0.381481570419276,0.607190958031094,-0.122069434552026,0.203268136868034,-0.0936464116018005,-0.127812836416653,0.225851971338309,-0.151026523770903,-1420.0602967282
-1.03422663686366,-1.4466661048319,-1.37475094697597,-0.979922809749347,-3.40726283307975,0.0307942022284722,-0.106171266880802,0.661175147174826,-0.126634556887594,0.449327826832659,0.243690938255749,0.424072612285381,0.236957485565772,0.431680915809901,0.568879208399272,-11.8622594887108,0.135730356922758,0.0467185080752856,-0.722369338605259,0.167306382363964,-0.0350979787556587,-0.212705287594564,0.264078333033185,-0.441880642993621,-0.0515898537579999,-0.244875447787603,-0.880375010557878,-0.151145057499269,-0.135107005899392,0.530961112099173,-0.134141225983272,0.474534725251403,-0.12345323441938,0.00617597176710429,-0.342272235111885,0.44813955648548,0.572879687514453,-0.563015986812348,-0.776415759707314,-0.986764600708534,0.501361269686016,0.588915519111722,0.0206029229101517,0.224666956857402,0.322611810825067,0.0912568872695576,0.674399129568017,0.510590937107995,0.238280011125296,0.114624459545225,0.371570278012674,-0.156726270583662,-0.888326902835228,-0.324891148205819,0.760761861511104,-0.397510803339561,-0.378933270011378,-0.22907886032118,-0.629301228344749,0.33486418446861,-0.103332146889595,-1.12071868186508,0.519190539895189,-0.417183993756058,0.582175217418177,0.0672164253558924,-0.882269499608022,0.743485871978805,-0.627522327177591,0.480991643913118,0.52340848576591,1.41037613161264,1.16897950990274,0.684394853025255,1.08660909504478,-0.515657041045679,0.0153315926929098,0.019624756060202,-0.0228576750167716,-0.387234557757126,-0.198044085884583,-0.0286399899096095,-0.560976025678858,0.164536461826351,-0.496653956152756,-0.280583700147451,1.44097539509755,0.599110645685475,-0.312680963588344,0.34847072008879,-1.02241258227776,1.12777719707692,0.26752067990092,-0.420155899954749,0.0031201657273193,-0.0834008253396657,0.136395858398647,-0.374071359136561,0.304134049446671,0.197856505638165,-0.213222979457961,-0.911448573672548,-0.646993312631748,-0.592469758116822,-0.543658189718637,0.42695951324596,0.840873392084651,0.375703580754713,0.633116457371171,-0.0984474809735938,0.185835063315975,-0.0910676163044677,-0.125363751744343,0.242344733228497,-0.154940596865404,-1419.59363780478
-0.980012021291135,-1.38058057749174,-1.3050037642597,-1.04291895138043,-3.32744866741435,0.0332224966632691,-0.102870548758352,0.648725390994573,-0.164554806658133,0.352247259366938,0.228766509598448,0.420307723822818,0.237636880025656,0.482769569209632,0.505326391202422,-11.928413407485,0.118551622661042,0.031871363441795,-0.656896238416675,0.0718529860597588,-0.0426754404523732,-0.218978327603573,0.266188136384194,-0.343593960310133,-0.0217962914524088,-0.269057397306414,-0.895332237373709,-0.153614909320732,-0.13938350919103,0.553719929566597,-0.116138562423832,0.480303926558667,-0.12171421754298,-0.0717056900013788,-0.400186490998571,0.448068296976273,0.573102713747989,-0.561309515866053,-0.769380589189904,-0.960784490700398,0.498263632764563,0.592021694739738,0.0238675930866228,0.246209969940365,0.34534067468371,0.086309258626788,0.675629377953725,0.508489971636406,0.242967455631801,0.171517996904978,0.341805165902545,-0.168127797297826,-0.899877784757624,-0.276555157027645,0.739691123381623,-0.410226217921594,-0.392342395787533,-0.240403005013959,-0.658993117321022,0.320096213755581,-0.091262583845705,-1.13343560432126,0.518705179405196,-0.393360967138151,0.576810513187646,0.0776156735464213,-0.890869302675798,0.736454383059362,-0.611804985082973,0.404830887966973,0.541553078161139,1.41624946878116,1.18014514351024,0.662384498407658,1.04677265188784,-0.535236224073901,0.00326434040614018,0.00342112351858525,-0.0242560955441,-0.38153580978223,-0.193911922406217,-0.0407304455089725,-0.566690051785441,0.14016775596343,-0.454455650285923,-0.311430041718952,1.40588652827501,0.550331493986399,-0.305264352201036,0.285209774041458,-1.05096245456528,1.09850784122331,0.221302387649796,-0.388531279513282,-0.0965589195017015,-0.0717165746053766,0.126411465215041,-0.380670009288567,0.268043131949637,0.260259868063216,-0.214374535540312,-0.908900473741178,-0.646052198848104,-0.577151292581316,-0.591833599594245,0.430155143347698,0.845757605403317,0.374954401528462,0.634739801907627,-0.115935409973061,0.189792337196065,-0.0918199155997099,-0.126871364505749,0.268992434262501,-0.142231644089709,-1419.53391533103
-0.992031849714368,-1.39553478322575,-1.31144284582446,-0.987609894109906,-3.32188590854121,0.0314749436437351,-0.111820740893835,0.644115035164691,-0.125858375171574,0.381006993206316,0.223065015971067,0.422927739655588,0.23929353072791,0.4522325389805,0.521288717690636,-11.9400237420146,0.127091613765482,0.0395210024474629,-0.710004094314513,0.108575011703655,-0.0456828515901943,-0.219585960503593,0.263806780745844,-0.391045643307985,-0.0397369648054147,-0.291322854068893,-0.899873839610646,-0.15823959669644,-0.137453318206648,0.529962974973827,-0.100143506284396,0.487075433153986,-0.117061664395859,-0.0360687689417904,-0.338884844280878,0.431907049277367,0.577250100631064,-0.559339811787736,-0.794268669827964,-0.959087173959672,0.493913137862003,0.587323557966502,0.0202830125502914,0.227174993648056,0.305173929521612,0.0851164950230521,0.671067217812172,0.507186658028363,0.214418141221025,0.134396276820722,0.356183518112317,-0.166339998148699,-0.902111034396739,-0.301343263613226,0.729017993281689,-0.401059129430553,-0.388290700455582,-0.235537986491671,-0.63622882494401,0.302405552645836,-0.0801032465522804,-1.12869983232629,0.515841708644603,-0.39572412447896,0.578056561713578,0.0882256576492709,-0.879957684762235,0.737279144455846,-0.619837232646562,0.444791943012091,0.548109936279037,1.41622449365869,1.17144976257972,0.677040928325852,1.06803210361311,-0.537199688413993,0.00332022497196394,0.00392167159988528,-0.0340357444339516,-0.400755757908238,-0.18721904174528,-0.0348632569635872,-0.566767700351175,0.167258780432365,-0.524657850436339,-0.295960713907416,1.41675391273733,0.559138285803323,-0.310397761875463,0.312944700338071,-1.02911073960604,1.10849453683352,0.230748668572328,-0.410902726555371,-0.0488334922444155,-0.0792757037406981,0.129984683183168,-0.379155152522625,0.278557319166145,0.252802923837401,-0.209862375875784,-0.912304103453762,-0.648522132302813,-0.58342669182962,-0.58909158067331,0.425370989861597,0.844994275537269,0.376512041066743,0.623726390500711,-0.118566331164653,0.194001054049804,-0.0930952363320645,-0.126681045617112,0.245607518059157,-0.151617081150302,-1419.47032014808
-1.00174029630416,-1.40648864094189,-1.32651750663682,-0.981727802145742,-3.34217795795209,0.0369236441311341,-0.10979643270077,0.648801451097189,-0.132322480410539,0.352100680915554,0.230222302471223,0.421133705165273,0.236088626135609,0.452349593243342,0.527476506713489,-11.9404468663934,0.128924539418946,0.0409812043205987,-0.708314410138221,0.110670169514065,-0.0478813496498773,-0.217983671825643,0.262809848609971,-0.393056030753694,-0.0388452625292563,-0.274722588958484,-0.899589240282114,-0.159554970818226,-0.143933291271095,0.53433130665079,-0.108272922127811,0.486879951926791,-0.117582263367934,-0.0325529964305637,-0.353328547335473,0.432318967730504,0.57607502445209,-0.557024374174391,-0.777016003968386,-0.945054727790854,0.493702771419882,0.587006664299065,0.020889537839966,0.228224829082207,0.34293408273733,0.086894842027876,0.671394518788894,0.509837100053285,0.222076558621868,0.153585170401514,0.358227542101675,-0.16157570359458,-0.898602495665492,-0.295853563611747,0.738586298769075,-0.40366042620692,-0.384948909510489,-0.231763640972807,-0.639104970855804,0.314502147505301,-0.0878110963761674,-1.12788926010015,0.51461498191312,-0.406360164850577,0.570993661233481,0.080411880725698,-0.878884488457964,0.736993891797826,-0.625681346727481,0.450244793932346,0.542066501658547,1.41375592967154,1.16535522011107,0.671151163897512,1.06608408210004,-0.529377728238209,0.00643595577169629,0.00688693080700925,-0.0311983944179438,-0.386978727747226,-0.180732869780778,-0.0343348165699003,-0.565418515081887,0.1531167396074,-0.481947023804787,-0.291000631003399,1.42162365418699,0.571614866849935,-0.317669391454011,0.300548121974433,-1.02524583988592,1.11372139054362,0.244496410646155,-0.416767332886662,-0.0587659966391941,-0.0790649332578857,0.130931408580401,-0.378671327138395,0.283939526781979,0.242644446862937,-0.211889909025531,-0.912572581916778,-0.649327019028723,-0.588406970220352,-0.577745352539721,0.425428083294769,0.845336995444587,0.375965557630891,0.622658310481023,-0.115492198203065,0.190068453717694,-0.0923989529134811,-0.126142398593789,0.245742051666381,-0.14935916169229,-1419.46429439277
-0.998188608643779,-1.40448262253407,-1.32372074434048,-0.997313229129238,-3.34071463655258,0.0352776526424267,-0.107000037358962,0.648118532764301,-0.135889898601204,0.358154382968916,0.227185252910024,0.422163854418533,0.23764659708208,0.458617778683736,0.524310998312066,-11.9247364551229,0.127922876093653,0.0409774353623849,-0.702811511848357,0.117642034420173,-0.0458361780880006,-0.218527899909311,0.263214748805318,-0.389587246225098,-0.0337201970232726,-0.277578006197409,-0.897698637347639,-0.158463374754055,-0.143552178987959,0.537267425399516,-0.109124175575609,0.485458770745963,-0.117974738625618,-0.0312106131221003,-0.353737894986706,0.436029895379275,0.575703827855843,-0.56017539649211,-0.778542531111147,-0.948407759365183,0.495166497536445,0.587776315657582,0.0202623844957401,0.230055153888107,0.320987019480871,0.0867141327073169,0.672893457220462,0.508936861960555,0.227035474086659,0.133783672934111,0.35515398230122,-0.162911491789729,-0.898602369132165,-0.297003324065541,0.733096967812057,-0.402573482018646,-0.38654932510857,-0.233179054409862,-0.640724926970365,0.312280734449466,-0.0862060661336119,-1.12916929183548,0.51486044120602,-0.401277909319759,0.5803486416316,0.0826444684964648,-0.881738931248616,0.73620528132114,-0.620105923121969,0.450243169846197,0.542085685585749,1.41390856282499,1.16797795904805,0.672156278162358,1.07061948098062,-0.531779872213795,0.00649208398105942,0.00695584611705474,-0.0290237495818604,-0.393137817055778,-0.184453914360452,-0.0343878566882739,-0.564799889780711,0.1557801358638,-0.502530678106008,-0.295067097915718,1.42095976793242,0.568851945606537,-0.312600682008882,0.313595306199402,-1.02772714823509,1.11186341900874,0.240329344415928,-0.409024815541968,-0.0522209306807814,-0.0776706626883841,0.130385149886267,-0.37833503072854,0.282178196735665,0.243016037409923,-0.211564197906738,-0.912251382480088,-0.648761912588271,-0.585565973228502,-0.582047578555259,0.426097833952562,0.844781193599237,0.37598792573446,0.627194373330408,-0.117630992928562,0.191506627144428,-0.0921840033133277,-0.126093932233649,0.251325272673261,-0.152450703024795,-1419.45967017912
-0.997761084402939,-1.40317489394407,-1.3214555438069,-0.99725652800712,-3.33486257752135,0.0330604824212393,-0.107358344209291,0.6468715354172,-0.132495821060933,0.360829368217725,0.226921699796373,0.422288005513925,0.237897950644042,0.455544202478902,0.516428805751177,-11.9339876968262,0.127231829776695,0.0398872639931217,-0.703523746896835,0.0964952695125554,-0.0445972364814134,-0.218616111233062,0.263646691424715,-0.390784264045588,-0.0403529172053947,-0.280173172301005,-0.89731630230844,-0.15783274217816,-0.140255535969552,0.532483992484167,-0.108084154317722,0.484748374284692,-0.118566701042725,-0.0326187253753297,-0.34743694648089,0.436716769595828,0.576472413375066,-0.559587429888285,-0.782205635527948,-0.955336405838831,0.495772403866163,0.587781424713049,0.0206506659741471,0.229864217279477,0.331165499071191,0.0863422330576808,0.672682994194564,0.508900039862692,0.223667130052426,0.150211197650065,0.356902962320655,-0.163977660730238,-0.899481529412811,-0.298839130842073,0.735348142436456,-0.402194484915861,-0.387009320498077,-0.2341000997783,-0.63867360917037,0.30622766353424,-0.0849413383236534,-1.12929455308141,0.515341171998632,-0.399309637254284,0.57769086292822,0.0835564869188089,-0.881609000007135,0.736340299728495,-0.620600390287658,0.444058814762425,0.543327678403451,1.41473061379727,1.16972883851518,0.675291093196307,1.06634788611595,-0.532837589952701,0.00595655642465844,0.0067565172800557,-0.0303359083363779,-0.387459349533796,-0.18810340779635,-0.0346668644414155,-0.564280061854205,0.159143653365515,-0.497155500105029,-0.295406626209842,1.42047829441192,0.566342928777572,-0.309444779628979,0.308941053485203,-1.0295321528501,1.11162924397941,0.23789848639083,-0.408506924974015,-0.0543380364281599,-0.0789226998043264,0.130246479414941,-0.378299310925906,0.281768783884202,0.247075437670582,-0.210979939754657,-0.911849382057093,-0.648208022761735,-0.584602874475467,-0.586976945732371,0.426701066075327,0.844990363707631,0.376048629950923,0.626110457158308,-0.120301052850977,0.192161114705229,-0.092386582745558,-0.126048576379692,0.249688988476861,-0.149489461634182,-1419.45945274752
-0.997429030135904,-1.40231546358167,-1.32071202352684,-0.994809318985281,-3.34003000275715,0.0344818995235179,-0.108270567298249,0.646634261444047,-0.132386485812071,0.356799045585674,0.227328216420905,0.421918665920963,0.2375464827691,0.456150830800582,0.521067826690043,-11.9333724157083,0.127433918550842,0.0400321116290543,-0.703462422882747,0.108400779455328,-0.0459530436037859,-0.218356366795449,0.263604304923887,-0.3886308629487,-0.03599898030559,-0.279098176336629,-0.897933251585487,-0.158280398678527,-0.140812803698606,0.53511916540849,-0.107672614339431,0.485234755842626,-0.118191898868012,-0.0353376412444725,-0.350811616940382,0.435597801108939,0.576212465709812,-0.559703763508386,-0.780259015412694,-0.952490596186922,0.494847547967392,0.58761928928465,0.0207242936216511,0.229930946522894,0.326838394344196,0.08649588991689,0.672224520521027,0.508657807514576,0.223097526389473,0.142585382140206,0.356045464436449,-0.163679865673536,-0.899187927543612,-0.296709041895055,0.73489433805978,-0.40269404756842,-0.386952542176195,-0.233773966963151,-0.639560030246733,0.309774057286943,-0.0854285285495069,-1.12894722881715,0.515307344573472,-0.400787706118445,0.579290652787521,0.0828877322407056,-0.880986479350366,0.736363312156096,-0.621353890900491,0.448033554249142,0.543289989615821,1.41458699329438,1.16874232055051,0.673450412491658,1.0692128668957,-0.532426668567856,0.00586794838361663,0.00616457245635287,-0.0306554216618972,-0.390087633262212,-0.185283564100331,-0.0346197213480265,-0.565062400492774,0.15707577038264,-0.498163347588727,-0.295059854502945,1.4196486470365,0.566345952259447,-0.31155511987919,0.310760089917992,-1.02862937807315,1.11104874165854,0.238225252090027,-0.410002107799095,-0.0509687094966736,-0.0785526027757696,0.130162244072628,-0.378518741388739,0.281781052590564,0.244039553082879,-0.211289062750607,-0.912207832634956,-0.648515343269798,-0.585526232770396,-0.584607164836272,0.426320237824778,0.84486429458448,0.375907832467091,0.624581692041871,-0.119885806257058,0.191659006628379,-0.0924272146154597,-0.126210479931125,0.248808848277988,-0.151516484971253,-1419.45852380181
-0.997796971783859,-1.40318500269801,-1.32169114173619,-0.994084379094246,-3.33927611685823,0.0349465123246505,-0.108082954749969,0.646998626017037,-0.133870641258131,0.355204104058009,0.227415427516436,0.421909538706078,0.237407160235343,0.45632709066134,0.519720263834819,-11.9336998738262,0.1275376303886,0.0401796830422281,-0.705638825491676,0.106658465995639,-0.0460191360913192,-0.2185155757541,0.263350965168033,-0.390017686979957,-0.0365184627636275,-0.278586860177556,-0.898235369168395,-0.158594789156237,-0.14258632837825,0.533955537169304,-0.108188131315093,0.485632855353998,-0.11799283517754,-0.0324674756837069,-0.350006375953451,0.435383285014831,0.576373930233936,-0.559432230143584,-0.779008182262152,-0.951117301989377,0.494738422547795,0.58755697521438,0.0205778094705283,0.229770544121617,0.327829228915412,0.0866320752701147,0.672373913207723,0.508869021731083,0.22422335817989,0.142218136695609,0.356109442209259,-0.163321935031247,-0.899064700501126,-0.297668340481944,0.73366238611061,-0.402509070355295,-0.386693696124524,-0.233450973214118,-0.639715718850822,0.308731708956298,-0.0856877160880429,-1.12893499793492,0.515031857510952,-0.400763824717382,0.579753629496694,0.0825999137238491,-0.880968933067071,0.736281491653317,-0.620449944183408,0.449627723471182,0.542847130744716,1.41420572537208,1.16808534170446,0.673186826086401,1.07037495051369,-0.532100523849894,0.00602263115738987,0.00640336100588545,-0.0301380803811846,-0.38954034525458,-0.184698172558015,-0.0346090226609642,-0.565115615258507,0.157109014861526,-0.499057902390812,-0.294923093070741,1.42040057862987,0.567447121342912,-0.312429269443074,0.31204384014609,-1.02822119663439,1.11164174192089,0.239238621589874,-0.410278937723589,-0.0509287706445837,-0.0783372044189286,0.130254272181688,-0.378504790154297,0.281520621035571,0.242939915754938,-0.21135658300755,-0.912291805225015,-0.648704418071274,-0.585462004468629,-0.584850253852346,0.426214903288155,0.844870494461146,0.37589261846626,0.625983061712963,-0.120227373127288,0.19154211276093,-0.0923920184910369,-0.12614543896732,0.24961909238468,-0.151332025122092,-1419.45844988352
-0.997682136836939,-1.40291715336688,-1.32161616882178,-0.994769675328696,-3.34029761454269,0.0345759501659746,-0.107973679337285,0.646941636943547,-0.133158062854886,0.354766786203546,0.227314303407432,0.421862787347521,0.23744218709019,0.456298533907638,0.519733754261887,-11.9311745950497,0.127475892989005,0.0402403078914883,-0.70424541347619,0.10703389558739,-0.0458502791565685,-0.21852727640377,0.263369735729943,-0.389843820117164,-0.0363318444799207,-0.278913805456494,-0.898075141025761,-0.158483158436988,-0.141922406651385,0.534759792035431,-0.108089023763657,0.485531430824194,-0.118061259806625,-0.0326741282929725,-0.350301031577949,0.435628496205494,0.576270020646792,-0.559631191704503,-0.779964610805764,-0.951730225526173,0.494840556342238,0.587503262728597,0.0204956823213079,0.229795774126061,0.327910352295146,0.0864721301813769,0.67233778718691,0.508792392486395,0.224080624467224,0.14186881478383,0.356255720247983,-0.163397150537348,-0.899104745841678,-0.297450290742696,0.734065284489855,-0.402457267400112,-0.386737608600963,-0.233498565101531,-0.63961246322878,0.30892816303924,-0.0856205365474701,-1.12899381187522,0.515026844281664,-0.400732556337745,0.580239189016386,0.0827197772290725,-0.881023900039361,0.736244376954395,-0.621012383999871,0.449357622695631,0.542837056672348,1.41426982654419,1.16822068194839,0.673367179915766,1.06977720457236,-0.532204114843749,0.00607593821954687,0.00646205253412592,-0.0303570311929996,-0.389318109771786,-0.185294885214213,-0.0346368156794271,-0.564919671275188,0.156853122792655,-0.498462856060518,-0.295011009684608,1.4202066644403,0.567349223095325,-0.311935771272717,0.312024352236782,-1.02843120437455,1.11143352766569,0.239121492389536,-0.410043109819619,-0.0500252323966216,-0.0785016939783971,0.130173872749352,-0.378498102838767,0.281966118920377,0.242970058601998,-0.211196194597541,-0.912234494921112,-0.648651314877664,-0.585631269302803,-0.585291516776108,0.426408780904047,0.8448512919554,0.375898706473323,0.625527808087305,-0.120712021423519,0.191714771414384,-0.0923740999805939,-0.126133376711672,0.24953557591822,-0.151492455091701,-1419.45840189913
-0.997465851625679,-1.40257591112761,-1.32117944578156,-0.995100767487762,-3.34084017751595,0.0345768370379725,-0.108059530568697,0.646739183948925,-0.133163197498339,0.354433170518086,0.227327502121043,0.421857395551639,0.237463918892492,0.456221016373108,0.519374809994584,-11.9331328327424,0.127408947096581,0.0401332139928342,-0.703994344344851,0.106437874569314,-0.04582590819542,-0.218460798519621,0.263453628448688,-0.389344796774868,-0.0364144227529144,-0.278751462654885,-0.897958870753371,-0.158407928889901,-0.14147786097705,0.534168039392012,-0.108188605605215,0.485419785973526,-0.1180792071037,-0.0338354323741531,-0.349327939494631,0.435823143784431,0.576231133430732,-0.559722532122192,-0.779687066837405,-0.952179427763566,0.494881913801673,0.587503412603472,0.020529327682646,0.229761188167316,0.328243280766858,0.0864994261698151,0.672273606301251,0.508707977974538,0.223724837332212,0.142539445970582,0.356101223438812,-0.163518032595691,-0.899159320500501,-0.297053841870161,0.734274433189563,-0.402509150695672,-0.386844822193491,-0.233641821654348,-0.639476326660748,0.308627160094968,-0.0857426814417941,-1.12898318107987,0.515108733709467,-0.400678853912804,0.580465602822371,0.0825825051142417,-0.881060598472754,0.736213159342426,-0.62114326939032,0.449322400736508,0.542778848188984,1.41431741534398,1.16836408871062,0.67344542783696,1.0704606093454,-0.53226444782622,0.00602358050915598,0.00639049239157239,-0.0302845838844284,-0.389200373826496,-0.185317200736003,-0.0346278953422969,-0.564925877664296,0.157017770660806,-0.499251515704287,-0.295181206004992,1.41995923029766,0.566960703776999,-0.311622847914472,0.312435937547503,-1.02862365240401,1.11120028800332,0.23874190999167,-0.409892379007297,-0.0492471739022266,-0.0785324975382731,0.130142939427975,-0.378521091824412,0.281897784612418,0.242824062128348,-0.211218940840791,-0.912221898661887,-0.64859312295516,-0.585424245138772,-0.585419560552567,0.426474897936081,0.84483442677997,0.375890634371411,0.625232039945284,-0.121098377095879,0.19170218295598,-0.0924035264208975,-0.126161104019158,0.249259982445105,-0.151604160167071,-1419.4583871399
-0.997497249386833,-1.40256754892532,-1.32111059726306,-0.994725953583735,-3.34085881443075,0.034622551433075,-0.108133950469928,0.646700013049552,-0.133024640817631,0.353871418916302,0.227287775356544,0.421829120399086,0.237430690606986,0.456120797522749,0.519095536940613,-11.9338465760711,0.127365433194378,0.0400732396181706,-0.704394814996729,0.10628289811334,-0.0458295180643184,-0.218460064491747,0.263439625888099,-0.389522011776881,-0.0360455476799528,-0.278889532535718,-0.897992371740547,-0.158416195977053,-0.141579735195268,0.534485966159751,-0.108121829098419,0.485424145860159,-0.118099444487698,-0.033574718191501,-0.350171034444599,0.435657306910473,0.576257260004556,-0.559679748948175,-0.779698653778001,-0.952066653044968,0.494821514180036,0.587511620518164,0.0205504474357258,0.229801208866007,0.328145457077238,0.086529372058088,0.672267319413981,0.50871142218912,0.223745641580683,0.142198372931057,0.356175065661119,-0.163501738491967,-0.899133049739805,-0.297271213923162,0.733953670925822,-0.402437126337561,-0.386837193631313,-0.233641588124452,-0.639538155866427,0.308700366334211,-0.0856701176634228,-1.12895280612173,0.515120792142822,-0.400644533424226,0.580668232299129,0.0826161353901696,-0.881013096473535,0.736240676557355,-0.620944554249229,0.449369725878357,0.542862118462185,1.41432722463732,1.16836399837365,0.673478032400033,1.07032122715241,-0.532282107900765,0.00601824020747728,0.00637036418863,-0.0303857888711118,-0.389104820528713,-0.185230129066714,-0.0346283944644827,-0.564994295908093,0.15710954445809,-0.498622947594555,-0.29514400493553,1.41995315370074,0.566917133262807,-0.311839334535643,0.31260717971584,-1.02856193127341,1.11121966530201,0.238720312592743,-0.410054899153071,-0.048991175400345,-0.0785467527350352,0.130143580192988,-0.378507210734359,0.281801457468225,0.242562153945097,-0.211178356480036,-0.912238155153449,-0.648611362143344,-0.585493999820853,-0.585733353569043,0.426456323974762,0.84481796814928,0.375866714209023,0.625299384420342,-0.121301243212398,0.191708823943589,-0.0924144973957668,-0.126160310268719,0.249253154207252,-0.151608627780147,-1419.45838078329
-0.997475665661951,-1.40256922362661,-1.32118882940907,-0.994661778652242,-3.34102146114585,0.0346564477763545,-0.108135784885709,0.646734177475978,-0.133067567247623,0.353783043716889,0.227288628490448,0.42182026042017,0.23741791581138,0.456192439360495,0.519084834303378,-11.9336829110918,0.127365588053375,0.0400895542182368,-0.704329702722058,0.106358066728872,-0.0458459660655182,-0.218491419813899,0.263411305155537,-0.389552590876835,-0.0362288665517314,-0.278868394789009,-0.898056173469912,-0.158459216902003,-0.14169555773084,0.534328229299884,-0.108165529781697,0.485503761587039,-0.118049966094709,-0.0332957091210668,-0.349692956447373,0.435625454617499,0.576283205801416,-0.559635951716756,-0.779771395318577,-0.952102144200214,0.494779235524872,0.587485325334131,0.0205307337849544,0.229823983135158,0.328374177928441,0.0865269619658625,0.672265289459972,0.508726868729832,0.223845213017118,0.142143381790948,0.356173101463981,-0.163476242957167,-0.899123474299559,-0.297347062314018,0.733950433917605,-0.402441766524833,-0.386822482961008,-0.233604687689314,-0.639639655586323,0.308526326766953,-0.0856832351703454,-1.12894333398174,0.515098486358666,-0.40065951611258,0.580871848907842,0.0825706168421064,-0.880996171978214,0.736239505362824,-0.62093812507911,0.44976322509174,0.54282153016063,1.41428602870284,1.16828360502111,0.673369557483689,1.07049739388927,-0.532277122556556,0.006019044027735,0.00636862463070168,-0.0304483708885584,-0.389056451170556,-0.185192886267395,-0.0346445014496114,-0.565013174611686,0.156987972068025,-0.498936290483087,-0.295131238365452,1.41999091671987,0.567029539054288,-0.311925690470181,0.312660798398474,-1.02854514607478,1.11123736735646,0.238819463516488,-0.410068397871946,-0.0488207352629164,-0.0785194859348048,0.130133519326133,-0.378523754252329,0.281812679507955,0.242473294907748,-0.21117273851576,-0.912252279007052,-0.648642769663605,-0.585576721175408,-0.585722497104204,0.426461201809707,0.844816538311624,0.375865093764158,0.62537474983806,-0.121413305787035,0.191705519543727,-0.0924073356048384,-0.126159935982822,0.249366018322207,-0.151647341293979,-1419.45837847164
-0.997495366019072,-1.40260270298974,-1.32124516539777,-0.994708338808126,-3.34106117806143,0.0346491705713277,-0.108124874365181,0.646750320386598,-0.133238171863186,0.353641679085961,0.227316551836679,0.421820442941663,0.237415887146382,0.456168029903662,0.519017791256284,-11.9346552957363,0.127376608742395,0.0401082355740388,-0.704368795391203,0.106278984767827,-0.045832910789365,-0.218497374883802,0.263405844146954,-0.389587945372981,-0.0361817189649923,-0.27880812329209,-0.898057916807029,-0.158462653293079,-0.141754280063091,0.534308149205208,-0.108198720922315,0.485520274371428,-0.118042344817341,-0.033284456522823,-0.349744788021167,0.435660094474616,0.576269041685656,-0.559635802240969,-0.779651408235391,-0.951954413366708,0.494800750874858,0.587479155313329,0.0205190722726049,0.229755884404414,0.328394306851994,0.086518848988588,0.672267233840937,0.508734754565993,0.22385849134743,0.142107202984111,0.356184860180016,-0.163462921523671,-0.899131102304922,-0.297273156053815,0.733892597893121,-0.402437984558283,-0.386815718128653,-0.233599620288654,-0.639559166132584,0.308528523371003,-0.0857372351934626,-1.1289433029832,0.515092119353938,-0.400667038258051,0.580883392413804,0.0825316719535329,-0.880999750132204,0.73623754251804,-0.620988387184719,0.449756374166792,0.542769628358951,1.41427991154808,1.16826911563035,0.673401680800619,1.07058762385886,-0.532248264120897,0.00603026517792925,0.00638838879129001,-0.0303395488910639,-0.389048571388161,-0.185212889246621,-0.0346488310918644,-0.565001647568444,0.156990919089162,-0.499048827178033,-0.29513282873186,1.42001758632376,0.567080101679578,-0.31189731336171,0.31280826670209,-1.02856504837404,1.11125860122327,0.238866216857937,-0.410064731635337,-0.0487714953566909,-0.0785207020517163,0.130136106212572,-0.378530236672021,0.281825660758148,0.242404229259588,-0.211175444276992,-0.912248906493165,-0.648646075546861,-0.585508457678499,-0.58575390689839,0.426479538332787,0.844817253089866,0.375865941022074,0.625407716216681,-0.121431827616155,0.191704516352671,-0.0924092606909372,-0.126159738220826,0.24934745076776,-0.151640714997656,-1419.45837804583
-0.997483711239667,-1.40260864212623,-1.32122750365453,-0.994705733586616,-3.34109424812385,0.0346752402701396,-0.108125975466942,0.646744007099034,-0.133172724240703,0.353670741544098,0.227302131015876,0.421820519101581,0.237417378759568,0.456176405902658,0.519011192822476,-11.9353004619119,0.127374090145004,0.0400992880011498,-0.704395942698115,0.106250147872886,-0.0458419491542515,-0.218491632081391,0.263411121379135,-0.38957297025664,-0.0361898460687913,-0.278808476292298,-0.898050854474968,-0.158457848126882,-0.141728680660093,0.534261981245168,-0.108197631804794,0.485510468892221,-0.118048017486019,-0.0333340950602928,-0.349707067419953,0.435652537180524,0.576269071919963,-0.559641730556038,-0.779674504434869,-0.951984339136791,0.494800276749282,0.58748866537714,0.0205248992787234,0.229772061434838,0.328417158907653,0.0865338862702064,0.672271026188563,0.508733201093337,0.223846307042669,0.142183732106299,0.356157971340029,-0.163462302182596,-0.899126456129426,-0.297292001010049,0.733911603610261,-0.402434850774698,-0.386817715033954,-0.233606294519689,-0.63958124864167,0.308528984706651,-0.085737192680224,-1.12894043226166,0.515099562709832,-0.400652173086184,0.580874090898716,0.0825291754013121,-0.881001727365911,0.736238994621785,-0.620944427770343,0.449757827700474,0.542775814635928,1.41428556109013,1.16828322197659,0.673393479232085,1.07061214051218,-0.532256139319978,0.00602752563462052,0.00638716428888434,-0.0303567465620292,-0.389049290363276,-0.185174745700636,-0.0346394776240153,-0.565001806341368,0.157031925810377,-0.499044915905867,-0.295140011024001,1.42001353728829,0.567054164913279,-0.311905969888865,0.312819918733835,-1.0285490570204,1.11125660921901,0.238842272417949,-0.410050142186481,-0.0487274377285206,-0.0785126393012504,0.130138818224509,-0.378524484094028,0.281809953934233,0.24239779977246,-0.211179077433119,-0.912250465571507,-0.648643952337788,-0.585515296330303,-0.58574732897329,0.426471092140629,0.844817543646241,0.37586671690543,0.625399993464657,-0.121436928142911,0.191702147224582,-0.0924100881185507,-0.126159429281856,0.249342692756735,-0.151641923243976,-1419.45837793853
-0.997483711239667,-1.40260864212623,-1.32122750365453,-0.994705733586616,-3.34109424812385,0.0346752402701396,-0.108125975466942,0.646744007099034,-0.133172724240703,0.353670741544098,0.227302131015876,0.421820519101581,0.237417378759568,0.456176405902658,0.519011192822476,-11.9353004619119,0.127374090145004,0.0400992880011498,-0.704395942698115,0.106250147872886,-0.0458419491542515,-0.218491632081391,0.263411121379135,-0.38957297025664,-0.0361898460687913,-0.278808476292298,-0.898050854474968,-0.158457848126882,-0.141728680660093,0.534261981245168,-0.108197631804794,0.485510468892221,-0.118048017486019,-0.0333340950602928,-0.349707067419953,0.435652537180524,0.576269071919963,-0.559641730556038,-0.779674504434869,-0.951984339136791,0.494800276749282,0.58748866537714,0.0205248992787234,0.229772061434838,0.328417158907653,0.0865338862702064,0.672271026188563,0.508733201093337,0.223846307042669,0.142183732106299,0.356157971340029,-0.163462302182596,-0.899126456129426,-0.297292001010049,0.733911603610261,-0.402434850774698,-0.386817715033954,-0.233606294519689,-0.63958124864167,0.308528984706651,-0.085737192680224,-1.12894043226166,0.515099562709832,-0.400652173086184,0.580874090898716,0.0825291754013121,-0.881001727365911,0.736238994621785,-0.620944427770343,0.449757827700474,0.542775814635928,1.41428556109013,1.16828322197659,0.673393479232085,1.07061214051218,-0.532256139319978,0.00602752563462052,0.00638716428888434,-0.0303567465620292,-0.389049290363276,-0.185174745700636,-0.0346394776240153,-0.565001806341368,0.157031925810377,-0.499044915905867,-0.295140011024001,1.42001353728829,0.567054164913279,-0.311905969888865,0.312819918733835,-1.0285490570204,1.11125660921901,0.238842272417949,-0.410050142186481,-0.0487274377285206,-0.0785126393012504,0.130138818224509,-0.378524484094028,0.281809953934233,0.24239779977246,-0.211179077433119,-0.912250465571507,-0.648643952337788,-0.585515296330303,-0.58574732897329,0.426471092140629,0.844817543646241,0.37586671690543,0.625399993464657,-0.121436928142911,0.191702147224582,-0.0924100881185507,-0.126159429281856,0.249342692756735,-0.151641923243976,-1419.45837793853
-0.997501221114715,-1.40260374110454,-1.32122779054116,-0.994676045863315,-3.34109950766705,0.0346592270638043,-0.108136606698054,0.64673883687538,-0.133206914494234,0.353686995908469,0.227312522194245,0.421822234394375,0.237417709264528,0.456171944277325,0.519022482924521,-22.7855734904809,0.127375781647764,0.0401003808854446,-0.704377367145005,0.106300866956692,-0.0458337135014898,-0.218489958278144,0.263411926829362,-0.389566866229934,-0.0362000185588902,-0.278818275726564,-0.898052915186594,-0.158456976390589,-0.141731489864901,0.534291397910507,-0.108193679544135,0.485513466522428,-0.118043960019101,-0.0333395164543844,-0.349691924755242,0.435644189659335,0.576275609713419,-0.559634361992128,-0.779643328410162,-0.952024485785341,0.494796158540809,0.587485393321484,0.0205259789779546,0.229775615463261,0.328410324176499,0.086529183602562,0.672268993693368,0.508732767363876,0.223843588776513,0.142152488447874,0.356184631413662,-0.163465827095132,-0.899129785044198,-0.29729125757341,0.733920001859433,-0.40243757454452,-0.386819668667512,-0.23360628757275,-0.639591406569503,0.308522091792824,-0.0857271426182984,-1.12893777064397,0.515101377650775,-0.400670989314231,0.580906262555874,0.0825323357275335,-0.880997079026253,0.73624159816199,-0.620958328475137,0.449779145908652,0.542778655333354,1.41428369528793,1.16827946988874,0.673383144895556,1.07058278709193,-0.532256530727188,0.00602706295081228,0.00638395392461337,-0.0303713643911937,-0.389057335848228,-0.185195098509586,-0.0346413676421265,-0.56500551846448,0.157008817191029,-0.499054149568597,-0.295129006726567,1.42000878260638,0.56705448803407,-0.311915885663072,0.312782563783231,-1.02855809575133,1.11125170700163,0.238843599139369,-0.410067350441529,-0.0487449436414547,-0.0785189884062659,0.130139227732511,-0.378526817791037,0.281808644573395,0.242430811630561,-0.211171321314445,-0.912248889310509,-0.648642440373938,-0.58551942210182,-0.585752806215117,0.426474899524008,0.844815840688255,0.375865434429809,0.625399390023864,-0.121447515889395,0.191704464189566,-0.0924101600696576,-0.126161391458412,0.249343485190799,-0.151650367876298,-1419.45833079023
